day,price_close,price_high,price_low,price_open
2018-12-01,3977.0,3990.0,3904.34,3970.56
2018-11-30,3971.06,4300.0,3861.0,4250.0
2018-11-29,4249.8,4409.77,4086.97,4219.77
2018-11-28,4220.16,4355.08,3771.0,3771.01
2018-11-27,3771.01,3834.35,3548.76,3727.34
2018-11-26,3727.34,4069.59,3522.28,3934.22
2018-11-25,3938.89,4120.0,3474.73,3780.67
2018-11-24,3785.65,4376.88,3638.48,4288.25
2018-11-23,4288.26,4364.46,4061.02,4268.4
2018-11-22,4275.23,4589.53,4194.98,4551.47
2018-11-21,4538.01,4635.0,4242.33,4349.41
2018-11-20,4352.0,4897.36,4048.58,4732.92
2018-11-19,4735.44,5559.69,4694.44,5553.01
2018-11-18,5559.26,5658.47,5500.0,5503.36
2018-11-17,5503.36,5550.66,5452.63,5514.62
2018-11-16,5508.71,5610.0,5411.74,5571.12
2018-11-15,5585.0,5641.0,5199.8,5592.23
2018-11-14,5595.91,6298.47,5324.0,6255.86
2018-11-13,6260.91,6328.36,6244.35,6318.01
2018-11-12,6318.0,6388.21,6298.5,6352.57
2018-11-11,6357.54,6365.0,6269.46,6349.39
2018-11-10,6349.32,6377.26,6323.0,6325.0
2018-11-09,6325.0,6418.18,6307.0,6405.49
2018-11-08,6405.49,6511.27,6388.88,6501.0
2018-11-07,6501.0,6544.0,6442.47,6448.17
2018-11-06,6447.5,6460.01,6378.24,6404.97
2018-11-05,6403.2,6441.43,6369.89,6428.23
2018-11-04,6421.76,6475.0,6310.57,6333.59
2018-11-03,6335.0,6351.74,6312.48,6350.05
2018-11-02,6350.43,6381.25,6328.33,6343.85
2018-11-01,6340.99,6365.33,6288.01,6304.5
2018-10-31,6303.27,6350.0,6199.25,6269.45
2018-10-30,6269.46,6289.0,6240.0,6266.47
2018-10-29,6266.52,6420.0,6208.37,6404.27
2018-10-28,6405.57,6420.0,6383.0,6407.66
2018-10-27,6407.66,6420.01,6381.25,6406.1
2018-10-26,6406.1,6450.3,6377.81,6393.38
2018-10-25,6393.53,6422.73,6361.73,6411.96
2018-10-24,6411.96,6473.0,6393.0,6396.24
2018-10-23,6393.41,6421.58,6354.26,6409.39
2018-10-22,6406.06,6429.23,6372.53,6412.62
2018-10-21,6413.38,6470.0,6401.01,6412.86
2018-10-20,6412.86,6424.16,6363.02,6380.47
2018-10-19,6383.46,6412.4,6355.99,6394.23
2018-10-18,6396.18,6490.0,6350.0,6440.07
2018-10-17,6437.29,6465.39,6407.69,6457.67
2018-10-16,6461.2,6493.77,6386.4,6438.2
2018-10-15,6441.74,6756.0,6149.28,6185.04
2018-10-14,6183.0,6349.47,6143.08,6201.23
2018-10-13,6199.69,6219.77,6168.83,6182.03
2018-10-12,6185.15,6243.79,6109.79,6152.76
2018-10-11,6152.76,6520.43,6055.28,6517.55
2018-10-10,6517.55,6589.79,6387.91,6588.72
2018-10-09,6588.8,6623.14,6553.13,6604.76
2018-10-08,6604.75,6656.63,6541.06,6574.15
2018-10-07,6577.63,6600.0,6493.92,6547.93
2018-10-06,6544.08,6595.69,6526.28,6582.11
2018-10-05,6582.12,6641.35,6510.0,6548.83
2018-10-04,6547.56,6604.89,6450.58,6454.81
2018-10-03,6456.77,6510.0,6396.34,6500.0
2018-10-02,6500.0,6597.0,6447.28,6569.32
2018-10-01,6571.2,6638.15,6477.57,6597.79
2018-09-30,6597.81,6628.06,6510.0,6574.29
2018-09-29,6579.38,6609.02,6454.0,6609.02
2018-09-28,6610.76,6792.28,6525.67,6684.5
2018-09-27,6681.62,6736.85,6431.95,6454.32
2018-09-26,6461.51,6540.0,6379.44,6428.09
2018-09-25,6428.99,6579.59,6324.96,6578.7
2018-09-24,6581.52,6721.68,6550.96,6703.37
2018-09-23,6702.22,6774.91,6659.0,6710.01
2018-09-22,6710.01,6826.28,6624.79,6748.85
2018-09-21,6749.45,6775.34,6483.83,6492.98
2018-09-20,6492.98,6535.11,6333.63,6388.4
2018-09-19,6388.4,6510.0,6100.0,6330.0
2018-09-18,6332.34,6390.0,6226.63,6251.49
2018-09-17,6254.52,6530.24,6200.0,6499.28
2018-09-16,6499.98,6524.84,6349.47,6521.49
2018-09-15,6520.15,6570.1,6466.74,6476.51
2018-09-14,6476.51,6587.0,6384.36,6482.95
2018-09-13,6485.7,6537.46,6324.37,6326.83
2018-09-12,6322.45,6350.0,6192.89,6274.6
2018-09-11,6279.99,6405.0,6162.06,6303.99
2018-09-10,6301.99,6351.13,6223.9,6238.99
2018-09-09,6236.04,6451.51,6094.38,6178.31
2018-09-08,6178.31,6465.46,6113.23,6401.01
2018-09-07,6400.0,6525.0,6322.0,6488.01
2018-09-06,6493.09,6705.59,6253.29,6671.95
2018-09-05,6679.3,7387.0,6650.0,7353.48
2018-09-04,7361.0,7411.85,7231.0,7261.29
2018-09-03,7258.99,7340.08,7184.0,7291.94
2018-09-02,7290.31,7334.5,7130.63,7195.8
2018-09-01,7185.01,7300.18,7015.22,7015.78
2018-08-31,7017.35,7101.03,6879.0,6984.34
2018-08-30,6984.01,7055.97,6792.85,7034.47
2018-08-29,7032.96,7124.06,6890.0,7079.46
2018-08-28,7080.94,7125.28,6861.17,6911.7
2018-08-27,6904.51,6944.47,6641.35,6700.13
2018-08-26,6700.46,6775.34,6558.95,6732.99
2018-08-25,6732.4,6800.0,6664.25,6692.99
2018-08-24,6692.94,6721.09,6445.32,6525.99
2018-08-23,6525.01,6575.99,6344.8,6355.97
2018-08-22,6355.76,6906.81,6250.0,6478.99
2018-08-21,6479.27,6513.28,6246.05,6260.83
2018-08-20,6260.82,6522.99,6223.9,6481.63
2018-08-19,6481.99,6545.0,6312.0,6397.37
2018-08-18,6399.28,6615.0,6303.0,6578.13
2018-08-17,6580.15,6584.49,6290.64,6314.08
2018-08-16,6313.51,6477.57,6208.37,6273.34
2018-08-15,6272.3,6628.5,6186.02,6194.3
2018-08-14,6193.62,6254.02,5880.0,6252.63
2018-08-13,6252.63,6544.37,6142.2,6311.99
2018-08-12,6310.82,6493.77,6163.44,6240.49
2018-08-11,6239.98,6494.13,6000.0,6139.99
2018-08-10,6139.99,6584.05,5995.75,6544.98
2018-08-09,6543.76,6627.0,6190.01,6283.89
2018-08-08,6283.59,6717.68,6121.0,6717.67
2018-08-07,6717.68,7155.0,6671.0,6932.18
2018-08-06,6936.11,7157.93,6835.06,7028.89
2018-08-05,7032.61,7086.8,6888.88,7009.94
2018-08-04,7009.99,7494.48,6926.0,7416.98
2018-08-03,7416.98,7542.92,7286.41,7535.0
2018-08-02,7536.37,7709.98,7455.0,7600.22
2018-08-01,7602.01,7761.56,7440.0,7726.85
2018-07-31,7725.43,8162.37,7633.67,8162.28
2018-07-30,8160.21,8295.0,7853.01,8216.74
2018-07-29,8216.74,8299.99,8109.74,8231.07
2018-07-28,8237.74,8259.0,8051.43,8177.72
2018-07-27,8183.05,8274.98,7798.48,7926.0
2018-07-26,7926.0,8314.23,7855.97,8174.06
2018-07-25,8174.06,8475.0,8049.22,8394.48
2018-07-24,8403.83,8496.96,7691.14,7712.46
2018-07-23,7719.62,7800.0,7369.86,7393.5
2018-07-22,7396.6,7581.03,7336.15,7398.16
2018-07-21,7409.92,7458.0,7212.0,7330.84
2018-07-20,7330.84,7696.88,7265.0,7474.35
2018-07-19,7471.42,7570.9,7278.84,7384.92
2018-07-18,7374.88,7599.98,7239.15,7310.71
2018-07-17,7310.71,7468.31,6657.95,6721.21
2018-07-16,6721.04,6755.0,6333.63,6353.25
2018-07-15,6349.3,6397.21,6227.76,6245.99
2018-07-14,6243.98,6317.84,6180.0,6208.78
2018-07-13,6215.59,6337.25,6121.01,6243.53
2018-07-12,6243.88,6380.0,6072.0,6379.13
2018-07-11,6380.0,6400.0,6285.0,6304.45
2018-07-10,6299.46,6683.9,6270.84,6666.75
2018-07-09,6666.75,6814.72,6620.0,6706.6
2018-07-08,6706.6,6783.54,6674.6,6755.46
2018-07-07,6759.99,6820.0,6510.0,6604.74
2018-07-06,6596.53,6636.15,6449.76,6533.69
2018-07-05,6533.69,6700.0,6445.31,6575.62
2018-07-04,6584.25,6792.28,6413.2,6507.99
2018-07-03,6507.99,6666.0,6464.39,6605.46
2018-07-02,6612.98,6667.57,6270.69,6345.48
2018-07-01,6349.99,6438.55,6259.34,6385.75
2018-06-30,6385.71,6510.0,6190.28,6204.01
2018-06-29,6204.24,6299.0,5774.72,5845.2
2018-06-28,5848.33,6165.49,5818.14,6135.64
2018-06-27,6135.64,6181.11,5985.0,6073.99
2018-06-26,6068.0,6277.0,6025.68,6252.28
2018-06-25,6253.61,6365.34,6075.01,6153.6
2018-06-24,6153.4,6255.05,5780.0,6169.91
2018-06-23,6177.38,6261.0,6048.54,6055.17
2018-06-22,6050.45,6737.97,5940.0,6718.33
2018-06-21,6718.33,6792.2,6677.85,6756.6
2018-06-20,6756.58,6809.26,6558.95,6728.44
2018-06-19,6736.52,6841.81,6660.21,6711.3
2018-06-18,6707.5,6793.0,6381.25,6451.03
2018-06-17,6453.41,6575.35,6429.23,6487.92
2018-06-16,6487.92,6557.81,6333.63,6390.6
2018-06-15,6390.6,6666.66,6370.0,6638.8
2018-06-14,6646.1,6708.1,6270.69,6308.49
2018-06-13,6307.4,6624.45,6120.0,6557.66
2018-06-12,6557.67,6880.76,6461.42,6880.76
2018-06-11,6880.61,6919.97,6634.86,6781.17
2018-06-10,6781.17,7498.0,6627.7,7498.0
2018-06-09,7492.7,7686.45,7468.31,7618.11
2018-06-08,7618.11,7697.0,7542.0,7676.41
2018-06-07,7689.28,7750.0,7618.99,7658.99
2018-06-06,7658.57,7695.46,7482.61,7617.98
2018-06-05,7617.98,7685.0,7360.0,7494.99
2018-06-04,7488.26,7764.44,7449.68,7712.97
2018-06-03,7703.67,7790.69,7581.03,7642.0
2018-06-02,7642.0,7700.0,7438.92,7511.72
2018-06-01,7511.6,7620.01,7348.45,7492.28
2018-05-31,7492.28,7601.23,7330.22,7375.64
2018-05-30,7375.73,7559.0,7273.89,7469.45
2018-05-29,7469.45,7537.0,7026.9,7112.2
2018-05-28,7112.5,7445.0,7084.99,7348.64
2018-05-27,7347.39,7412.57,7213.09,7335.99
2018-05-26,7335.99,7622.87,7276.04,7459.21
2018-05-25,7471.18,7661.07,7328.13,7579.3
2018-05-24,7586.88,7733.99,7267.24,7509.99
2018-05-23,7502.89,8032.01,7435.49,7983.98
2018-05-22,7984.08,8417.65,7951.41,8403.23
2018-05-21,8391.76,8589.1,8320.0,8518.64
2018-05-20,8518.48,8590.0,8170.71,8225.55
2018-05-19,8231.2,8395.0,8141.08,8248.99
2018-05-18,8248.87,8275.1,7929.53,8058.16
2018-05-17,8067.03,8500.0,7980.0,8337.77
2018-05-16,8346.59,8505.33,8100.01,8481.99
2018-05-15,8474.99,8865.0,8400.0,8674.53
2018-05-14,8674.36,8900.9,8286.57,8696.54
2018-05-13,8696.58,8775.9,8335.56,8481.72
2018-05-12,8481.6,8652.8,8208.81,8408.79
2018-05-11,8411.42,9018.38,8351.0,9007.19
2018-05-10,9020.99,9393.0,8987.74,9308.49
2018-05-09,9308.49,9368.79,8974.62,9181.52
2018-05-08,9167.69,9450.0,9015.0,9356.79
2018-05-07,9359.52,9634.5,9175.0,9621.99
2018-05-06,9623.54,9918.41,9375.0,9827.04
2018-05-05,9823.28,9948.98,9670.68,9689.0
2018-05-04,9696.57,9784.73,9527.38,9737.0
2018-05-03,9732.43,9799.99,9165.19,9220.0
2018-05-02,9222.0,9259.16,8975.23,9066.9
2018-05-01,9066.9,9249.99,8815.91,9243.51
2018-04-30,9242.17,9443.96,9111.0,9396.32
2018-04-29,9393.99,9538.75,9180.0,9352.97
2018-04-28,9345.11,9442.34,8854.47,8916.54
2018-04-27,8921.43,9387.82,8901.09,9277.32
2018-04-26,9274.48,9326.79,8647.29,8855.07
2018-04-25,8864.99,9755.53,8751.0,9648.36
2018-04-24,9648.0,9737.16,8930.0,8942.0
2018-04-23,8946.95,9006.39,8771.22,8781.7
2018-04-22,8789.96,9036.52,8760.0,8924.93
2018-04-21,8920.71,9023.4,8608.0,8865.78
2018-04-20,8861.0,8934.0,8216.9,8273.0
2018-04-19,8271.31,8297.99,8074.44,8172.83
2018-04-18,8172.84,8235.0,7870.35,7890.87
2018-04-17,7890.87,8160.85,7806.81,8054.68
2018-04-16,8048.15,8424.99,7905.0,8353.43
2018-04-15,8354.22,8417.0,8001.23,8003.39
2018-04-14,8000.41,8232.14,7835.0,7885.9
2018-04-13,7896.92,8239.33,7753.32,7923.78
2018-04-12,7923.78,8069.34,6758.45,6940.94
2018-04-11,6940.94,6984.92,6809.26,6824.75
2018-04-10,6835.67,6900.0,6653.21,6782.39
2018-04-09,6780.1,7175.83,6611.49,7027.26
2018-04-08,7027.26,7104.52,6894.8,6904.21
2018-04-07,6904.9,7069.13,6600.99,6627.7
2018-04-06,6618.33,6850.0,6510.0,6771.3
2018-04-05,6771.69,6928.7,6578.95,6799.37
2018-04-04,6799.95,7430.0,6710.38,7415.53
2018-04-03,7416.27,7506.84,7001.28,7052.75
2018-04-02,7052.76,7106.5,6759.96,6816.31
2018-04-01,6813.52,7045.71,6427.16,6926.5
2018-03-31,6928.62,7231.73,6794.26,6839.63
2018-03-30,6850.0,7302.35,6550.0,7086.14
2018-03-29,7088.38,7968.0,6914.53,7932.41
2018-03-28,7932.41,8104.98,7723.03,7791.69
2018-03-27,7791.7,8211.62,7742.11,8152.26
2018-03-26,8149.66,8500.0,7831.15,8451.12
2018-03-25,8453.9,8680.0,8368.63,8541.96
2018-03-24,8547.0,9020.0,8505.0,8917.99
2018-03-23,8920.79,8920.79,8265.0,8708.52
2018-03-22,8704.67,9099.59,8503.52,8892.18
2018-03-21,8893.79,9188.1,8754.83,8904.02
2018-03-20,8904.02,9051.0,8313.01,8596.79
2018-03-19,8596.93,8718.74,8114.17,8205.55
2018-03-18,8188.24,8324.92,7325.37,7860.83
2018-03-17,7860.83,8356.4,7730.23,8258.54
2018-03-16,8258.54,8613.06,7914.08,8265.05
2018-03-15,8265.05,8425.0,7682.0,8195.99
2018-03-14,8196.69,9356.14,7948.0,9152.07
2018-03-13,9142.32,9482.79,8830.0,9115.24
2018-03-12,9120.75,9892.0,8742.07,9535.04
2018-03-11,9535.04,9768.37,8450.0,8795.04
2018-03-10,8791.47,9514.96,8697.0,9228.83
2018-03-09,9230.0,9420.39,8366.0,9293.06
2018-03-08,9285.32,10150.0,9078.95,9904.52
2018-03-07,9913.03,10911.78,9450.0,10723.01
2018-03-06,10723.76,11420.01,10560.19,11417.39
2018-03-05,11419.24,11688.0,11383.66,11479.68
2018-03-04,11463.27,11511.0,11054.91,11445.0
2018-03-03,11445.0,11503.24,11022.85,11032.81
2018-03-02,11029.99,11175.0,10774.01,10917.37
2018-03-01,10903.13,11090.0,10223.41,10314.99
2018-02-28,10314.9,11064.75,10255.07,10572.49
2018-02-27,10566.3,10850.0,10150.0,10329.99
2018-02-26,10324.7,10461.97,9376.34,9595.99
2018-02-25,9590.04,9883.41,9260.0,9688.26
2018-02-24,9689.99,10540.63,9373.48,10135.2
2018-02-23,10166.1,10405.3,9600.0,9843.33
2018-02-22,9843.34,10935.0,9731.2,10446.79
2018-02-21,10449.4,11275.74,10256.0,11233.42
2018-02-20,11233.41,11780.0,11080.37,11159.12
2018-02-19,11173.0,11262.48,10307.51,10433.68
2018-02-18,10421.06,11300.0,10153.15,11101.0
2018-02-17,11101.0,11135.83,10053.5,10203.14
2018-02-16,10196.0,10300.0,9707.51,10011.3
2018-02-15,10018.0,10234.0,9350.0,9490.98
2018-02-14,9490.98,9515.0,8504.57,8504.57
2018-02-13,8522.99,8951.89,8360.13,8891.2
2018-02-12,8899.0,8995.0,8067.0,8077.25
2018-02-11,8067.0,8560.0,7820.0,8560.0
2018-02-10,8560.0,9090.8,8170.86,8693.98
2018-02-09,8693.98,8779.62,7753.32,8259.42
2018-02-08,8259.76,8644.36,7565.5,7588.01
2018-02-07,7588.01,8649.0,7213.8,7737.26
2018-02-06,7737.37,8150.0,5920.72,6878.65
2018-02-05,6874.27,8335.56,6600.0,8190.78
2018-02-04,8191.0,9350.09,7825.0,9225.31
2018-02-03,9225.86,9491.2,8170.71,8838.29
2018-02-02,8838.83,9096.78,7625.25,9010.87
2018-02-01,8998.99,10187.56,8455.0,10148.99
2018-01-31,10149.0,10324.0,9514.96,9971.0
2018-01-30,9971.0,11222.36,9731.2,11162.62
2018-01-29,11162.62,11820.01,10991.0,11685.58
2018-01-28,11685.58,11989.15,11360.52,11446.54
2018-01-27,11446.54,11630.47,10815.84,11093.74
2018-01-26,11092.95,11635.0,10263.32,11140.01
2018-01-25,11155.54,11741.82,10868.57,11400.98
2018-01-24,11400.96,11500.0,10488.13,10848.99
2018-01-23,10851.82,11409.87,9927.54,10810.0
2018-01-22,10808.99,11910.78,10028.41,11558.87
2018-01-21,11558.87,12791.88,11100.0,12782.99
2018-01-20,12775.99,13052.12,11515.94,11560.82
2018-01-19,11552.0,12050.39,11025.18,11290.9
2018-01-18,11247.57,12146.0,10693.0,11199.0
2018-01-17,11191.35,11794.07,9222.0,11393.97
2018-01-16,11386.34,13607.04,10162.0,13581.66
2018-01-15,13607.04,14394.36,13429.25,13647.99
2018-01-14,13647.99,14365.81,13072.22,14197.78
2018-01-13,14197.78,14619.1,13789.42,13829.28
2018-01-12,13781.41,14152.19,12807.27,13249.99
2018-01-11,13243.83,14973.07,12800.0,14899.99
2018-01-10,14890.02,14900.0,13412.0,14403.51
2018-01-09,14403.51,15367.18,14123.97,14999.99
2018-01-08,14999.99,16300.0,13900.0,16173.98
2018-01-07,16124.02,17149.97,15707.16,17142.43
2018-01-06,17149.67,17234.99,16220.0,16927.99
2018-01-05,16928.0,17200.0,14810.0,15143.67
2018-01-04,15143.67,15430.27,14192.37,15155.62
2018-01-03,15155.62,15500.0,14546.28,14670.96
2018-01-02,14678.94,15257.53,12910.58,13394.2
2018-01-01,13443.41,13941.75,12801.38,13880.0
2017-12-31,13880.0,14296.06,12491.21,12640.0
2017-12-30,12640.0,14463.28,12050.0,14351.0
2017-12-29,14340.0,15111.0,13998.0,14436.99
2017-12-28,14470.07,15474.19,13500.0,15390.05
2017-12-27,15364.93,16480.52,14484.0,15764.45
2017-12-26,15764.44,16147.87,13746.95,13925.5
2017-12-25,13911.28,14650.0,13210.0,14107.87
2017-12-24,14157.87,14619.1,12488.0,14619.0
2017-12-23,14619.0,15756.22,13496.48,13980.0
2017-12-22,14009.79,15795.61,11159.93,15600.0
2017-12-21,15600.01,17281.17,15005.0,16466.98
2017-12-20,16466.98,17950.0,15343.04,17700.0
2017-12-19,17700.0,19160.79,16831.26,18940.58
2017-12-18,18940.57,19220.0,17835.2,18953.0
2017-12-17,18953.0,19666.0,18465.0,19187.78
2017-12-16,19187.78,19377.0,17269.99,17477.98
2017-12-15,17471.5,17934.0,16337.19,16404.99
2017-12-14,16404.99,16830.45,15852.69,16245.02
2017-12-13,16250.0,17107.03,15497.69,16650.01
2017-12-12,16650.01,17428.42,15967.29,16470.0
2017-12-11,16470.0,17270.0,14677.19,14690.99
2017-12-10,14691.0,15385.0,13011.0,14601.01
2017-12-09,14607.49,15998.5,12701.05,15799.87
2017-12-08,15800.0,16666.66,13482.42,16599.99
2017-12-07,16599.99,16615.62,13085.9,13623.0
2017-12-06,13623.5,13700.0,11659.8,11676.99
2017-12-05,11677.0,11850.0,11384.25,11613.07
2017-12-04,11613.07,11613.07,10850.0,11250.0
2017-12-03,11250.0,11800.01,10513.16,10875.68
2017-12-02,10872.0,11200.0,10637.69,10840.45
2017-12-01,10840.45,10949.89,9370.11,9935.0
2017-11-30,9947.67,10618.29,9000.0,9833.7
2017-11-29,9824.68,11395.0,9250.0,9877.63
2017-11-28,9868.82,9968.0,9582.25,9708.06
2017-11-27,9708.07,9721.7,9267.0,9278.99
2017-11-26,9271.06,9366.6,8538.2,8718.0
2017-11-25,8717.99,8737.0,8114.78,8199.83
2017-11-24,8199.19,8340.0,7876.0,7988.96
2017-11-23,7989.0,8279.76,7980.0,8214.69
2017-11-22,8214.69,8310.89,8045.76,8095.19
2017-11-21,8095.23,8354.46,7770.0,8226.14
2017-11-20,8226.17,8269.99,7900.0,8016.58
2017-11-19,8016.58,8087.35,7675.0,7775.55
2017-11-18,7771.03,7858.0,7431.54,7675.0
2017-11-17,7674.99,7997.0,7528.5,7846.96
2017-11-16,7846.96,7976.79,7120.85,7294.0
2017-11-15,7294.0,7350.0,6609.0,6609.0
2017-11-14,6609.0,6750.0,6466.88,6524.69
2017-11-13,6525.17,6775.75,5846.0,5870.03
2017-11-12,5870.37,6488.88,5555.55,6355.13
2017-11-11,6355.13,6820.0,6218.0,6588.18
2017-11-10,6588.18,7343.18,6429.44,7150.61
2017-11-09,7148.0,7490.0,7061.2,7465.06
2017-11-08,7450.32,7888.0,7080.01,7131.38
2017-11-07,7130.28,7244.69,6945.0,6967.64
2017-11-06,6967.68,7421.39,6922.07,7373.3
2017-11-05,7372.72,7590.0,7275.16,7388.79
2017-11-04,7388.83,7569.9,6994.0,7145.24
2017-11-03,7146.82,7500.0,6925.22,7030.0
2017-11-02,7030.0,7354.1,6700.0,6745.04
2017-11-01,6741.59,6756.36,6340.01,6434.24
2017-10-31,6434.21,6449.78,6072.81,6120.0
2017-10-30,6119.99,6229.77,6024.03,6133.01
2017-10-29,6137.37,6316.85,5683.0,5731.7
2017-10-28,5730.69,5875.66,5646.18,5773.03
2017-10-27,5771.89,5994.06,5674.06,5889.99
2017-10-26,5890.0,5988.0,5683.0,5741.35
2017-10-25,5735.88,5748.0,5366.0,5512.63
2017-10-24,5523.4,5870.0,5453.01,5869.82
2017-10-23,5871.17,6045.34,5617.75,5967.38
2017-10-22,5969.0,6071.07,5700.0,6010.85
2017-10-21,6013.46,6180.0,5871.0,5977.26
2017-10-20,5977.29,6074.0,5589.8,5700.0
2017-10-19,5698.69,5735.14,5512.06,5572.64
2017-10-18,5582.05,5617.75,5101.36,5591.97
2017-10-17,5597.31,5776.31,5506.78,5752.2
2017-10-16,5745.72,5807.11,5548.0,5683.92
2017-10-15,5679.7,5830.0,5415.0,5795.01
2017-10-14,5801.29,5817.34,5558.26,5653.58
2017-10-13,5653.6,5846.43,5380.0,5439.41
2017-10-12,5445.0,5445.0,4793.66,4822.01
2017-10-11,4822.01,4869.78,4700.0,4747.9
2017-10-10,4749.29,4909.97,4700.0,4761.67
2017-10-09,4764.7,4865.0,4541.0,4597.97
2017-10-08,4597.98,4612.0,4404.5,4422.72
2017-10-07,4423.3,4463.0,4312.82,4356.09
2017-10-06,4362.95,4425.0,4278.4,4301.09
2017-10-05,4301.09,4358.97,4137.96,4219.74
2017-10-04,4219.53,4343.0,4170.07,4315.73
2017-10-03,4315.83,4425.0,4218.0,4391.41
2017-10-02,4391.48,4453.0,4352.0,4369.33
2017-10-01,4377.22,4377.22,4216.0,4326.09
2017-09-30,4326.09,4349.0,4154.28,4162.04
2017-09-29,4164.82,4227.62,4022.02,4183.47
2017-09-28,4184.84,4270.01,4123.5,4202.34
2017-09-27,4199.29,4226.73,3870.0,3883.95
2017-09-26,3888.03,3970.0,3850.61,3920.66
2017-09-25,3918.0,3968.59,3658.39,3667.01
2017-09-24,3664.22,3783.25,3615.0,3781.13
2017-09-23,3779.17,3810.25,3552.0,3611.91
2017-09-22,3612.18,3761.84,3514.0,3607.83
2017-09-21,3617.05,3914.0,3573.0,3864.0
2017-09-20,3874.46,4050.0,3820.56,3888.8
2017-09-19,3888.8,4119.7,3848.35,4102.0
2017-09-18,4101.6,4122.7,3659.42,3662.95
2017-09-17,3662.99,3772.52,3463.0,3669.07
2017-09-16,3678.93,3872.9,3500.0,3699.89
2017-09-15,3700.01,3820.0,2972.01,3227.79
2017-09-14,3227.79,3921.74,3210.0,3861.89
2017-09-13,3865.34,4179.14,3720.01,4170.6
2017-09-12,4172.56,4377.65,4080.0,4198.89
2017-09-11,4207.31,4353.49,4092.4,4226.21
2017-09-10,4226.22,4322.44,4010.0,4322.44
2017-09-09,4308.72,4379.78,4164.0,4327.41
2017-09-08,4312.0,4679.97,4125.99,4615.0
2017-09-07,4615.0,4674.34,4475.0,4605.81
2017-09-06,4605.8,4649.23,4356.42,4397.38
2017-09-05,4396.52,4474.88,4001.93,4282.53
2017-09-04,4277.0,4613.97,4058.5,4603.68
2017-09-03,4606.26,4700.0,4385.0,4599.9
2017-09-02,4599.9,4979.9,4488.5,4921.71
2017-09-01,4921.7,4935.0,4671.09,4734.26
2017-08-31,4734.26,4765.21,4566.66,4573.15
2017-08-30,4573.2,4642.22,4479.0,4578.82
2017-08-29,4578.82,4649.78,4336.26,4385.0
2017-08-28,4379.99,4399.72,4169.01,4329.91
2017-08-27,4337.68,4393.3,4290.32,4333.38
2017-08-26,4333.38,4369.78,4232.43,4348.17
2017-08-25,4355.98,4449.98,4270.0,4308.8
2017-08-24,4300.34,4350.0,4082.57,4121.78
2017-08-23,4115.14,4248.97,4051.94,4078.0
2017-08-22,4085.0,4139.31,3600.0,3987.51
2017-08-21,3987.52,4080.0,3949.78,4058.64
2017-08-20,4058.68,4125.95,4000.0,4091.99
2017-08-19,4099.55,4188.0,3900.0,4100.0
2017-08-18,4100.0,4368.0,3964.96,4260.47
2017-08-17,4276.5,4480.0,4167.21,4361.99
2017-08-16,4378.84,4379.78,3926.06,4154.99
2017-08-15,4155.67,4400.0,3800.0,4320.95
2017-08-14,4306.23,4329.43,3964.96,4053.87
2017-08-13,4053.87,4190.0,3841.71,3855.04
2017-08-12,3855.1,3934.0,3586.95,3651.74
2017-08-11,3645.06,3705.0,3390.67,3410.0
2017-08-10,3413.03,3448.0,3311.17,3342.99
2017-08-09,3342.99,3423.1,3178.72,3408.46
2017-08-08,3412.41,3490.0,3300.0,3387.54
2017-08-07,3387.54,3430.0,3186.0,3216.78
2017-08-06,3222.75,3296.51,3146.1,3263.51
2017-08-05,3263.62,3339.66,2848.32,2851.01
2017-08-04,2855.0,2877.52,2765.91,2793.34
2017-08-03,2793.37,2807.44,2698.83,2703.51
2017-08-02,2703.51,2760.0,2650.0,2732.0
2017-08-01,2731.0,2929.17,2615.0,2855.81
2017-07-31,2855.81,2889.99,2680.01,2745.76
2017-07-30,2742.75,2774.45,2569.69,2681.6
2017-07-29,2680.56,2785.65,2631.78,2777.01
2017-07-28,2777.01,2825.0,2655.82,2666.33
2017-07-27,2666.33,2695.0,2509.63,2524.99
2017-07-26,2524.99,2608.96,2400.0,2564.74
2017-07-25,2564.82,2775.79,2450.0,2759.95
2017-07-24,2759.98,2800.0,2701.0,2756.8
2017-07-23,2749.02,2855.0,2640.0,2824.82
2017-07-22,2832.71,2882.0,2644.59,2667.01
2017-07-21,2670.0,2887.45,2611.39,2880.0
2017-07-20,2875.03,2938.0,2265.51,2265.51
2017-07-19,2265.21,2402.5,2223.0,2308.82
2017-07-18,2303.71,2392.0,2164.0,2226.0
2017-07-17,2226.0,2229.97,1910.57,1917.72
2017-07-16,1917.63,2044.44,1830.0,1970.51
2017-07-15,1970.51,2219.99,1967.65,2209.44
2017-07-14,2213.37,2357.84,2140.0,2340.0
2017-07-13,2339.99,2425.16,2312.93,2383.97
2017-07-12,2388.0,2408.84,2239.54,2301.55
2017-07-11,2305.98,2399.0,2242.62,2326.12
2017-07-10,2323.45,2527.88,2261.85,2504.0
2017-07-09,2502.28,2564.65,2500.5,2550.13
2017-07-08,2550.07,2555.0,2462.0,2501.46
2017-07-07,2501.46,2605.0,2475.0,2599.01
2017-07-06,2600.39,2614.0,2522.0,2598.37
2017-07-05,2602.9,2623.0,2530.1,2594.52
2017-07-04,2596.12,2639.47,2540.07,2540.07
2017-07-03,2550.47,2595.0,2472.68,2504.81
2017-07-02,2504.37,2528.72,2374.34,2421.3
2017-07-01,2412.41,2517.11,2390.0,2465.48
2017-06-30,2465.49,2564.58,2451.0,2538.41
2017-06-29,2541.59,2594.78,2500.31,2550.99
2017-06-28,2559.9,2593.0,2468.01,2565.0
2017-06-27,2565.0,2565.0,2291.0,2421.21
2017-06-26,2421.22,2550.03,2315.01,2502.26
2017-06-25,2502.03,2635.72,2432.0,2557.66
2017-06-24,2557.66,2724.96,2512.13,2685.05
2017-06-23,2685.05,2745.0,2657.46,2713.48
2017-06-22,2713.48,2740.0,2594.61,2658.67
2017-06-21,2657.04,2789.0,2611.0,2734.03
2017-06-20,2740.0,2783.0,2581.0,2598.0
2017-06-19,2598.0,2598.0,2480.96,2516.98
2017-06-18,2516.98,2665.0,2460.62,2630.06
2017-06-17,2630.03,2674.4,2420.53,2484.68
2017-06-16,2484.68,2540.0,2307.66,2424.96
2017-06-15,2424.91,2516.2,2120.0,2451.42
2017-06-14,2450.0,2801.0,2320.0,2706.0
2017-06-13,2703.02,2783.62,2638.62,2656.97
2017-06-12,2667.06,2980.0,2480.03,2954.21
2017-06-11,2954.22,2967.46,2861.53,2899.01
2017-06-10,2899.99,2912.98,2800.0,2818.0
2017-06-09,2822.32,2868.23,2780.43,2805.46
2017-06-08,2806.0,2815.0,2613.13,2680.24
2017-06-07,2683.03,2893.28,2612.5,2875.71
2017-06-06,2880.74,2933.0,2689.4,2698.0
2017-06-05,2698.0,2699.35,2525.28,2530.27
2017-06-04,2529.82,2569.0,2460.0,2538.1
2017-06-03,2540.94,2584.34,2445.0,2488.94
2017-06-02,2488.94,2489.0,2370.03,2413.58
2017-06-01,2413.63,2456.39,2296.81,2298.01
2017-05-31,2298.01,2334.0,2154.28,2201.7
2017-05-30,2203.53,2339.08,2160.0,2290.18
2017-05-29,2292.1,2350.0,2110.0,2172.54
2017-05-28,2178.81,2313.96,2041.48,2042.89
2017-05-27,2042.0,2339.94,1850.0,2280.7
2017-05-26,2279.82,2599.12,2060.0,2277.01
2017-05-25,2292.53,2760.1,2221.0,2420.29
2017-05-24,2420.29,2481.75,2264.64,2265.9
2017-05-23,2264.23,2275.0,2088.45,2088.76
2017-05-22,2099.97,2230.34,2001.0,2017.55
2017-05-21,2017.55,2063.11,1961.52,2013.99
2017-05-20,2013.99,2021.0,1914.0,1959.09
2017-05-19,1958.0,1969.99,1874.99,1879.0
2017-05-18,1878.99,1881.8,1766.33,1779.0
2017-05-17,1782.99,1840.42,1670.01,1700.01
2017-05-16,1700.01,1750.0,1641.22,1706.07
2017-05-15,1705.48,1784.0,1682.56,1782.3
2017-05-14,1784.0,1815.0,1753.0,1776.8
2017-05-13,1776.89,1785.82,1601.46,1690.33
2017-05-12,1691.51,1832.0,1650.0,1830.85
2017-05-11,1828.45,1892.0,1745.01,1774.52
2017-05-10,1772.58,1794.21,1682.0,1720.26
2017-05-09,1720.28,1760.4,1616.05,1649.55
2017-05-08,1649.54,1653.97,1554.38,1554.72
2017-05-07,1554.01,1565.0,1525.0,1554.04
2017-05-06,1558.02,1578.97,1505.0,1515.39
2017-05-05,1514.9,1609.0,1495.0,1537.36
2017-05-04,1537.23,1623.01,1444.94,1503.25
2017-05-03,1503.22,1516.04,1431.02,1447.75
2017-05-02,1447.75,1481.73,1388.0,1390.86
2017-05-01,1390.86,1425.0,1341.22,1348.88
2017-04-30,1350.21,1356.0,1315.68,1336.77
2017-04-29,1333.0,1342.8,1316.0,1333.93
2017-04-28,1330.7,1347.02,1299.0,1331.0
2017-04-27,1331.53,1342.02,1285.0,1287.92
2017-04-26,1287.99,1330.0,1265.0,1271.4
2017-04-25,1269.0,1280.0,1251.07,1253.57
2017-04-24,1253.58,1254.0,1234.0,1242.0
2017-04-23,1241.99,1248.99,1223.42,1231.84
2017-04-22,1233.2,1247.15,1199.0,1243.6
2017-04-21,1243.61,1252.32,1231.65,1234.93
2017-04-20,1234.19,1243.88,1201.66,1203.98
2017-04-19,1203.98,1209.99,1190.0,1202.59
2017-04-18,1202.58,1210.0,1175.95,1176.59
2017-04-17,1176.54,1192.5,1161.0,1162.31
2017-04-16,1162.31,1179.3,1150.0,1171.0
2017-04-15,1173.45,1192.5,1165.0,1169.53
2017-04-14,1170.34,1193.0,1142.0,1172.56
2017-04-13,1172.91,1219.45,1141.0,1212.16
2017-04-12,1212.17,1224.57,1208.0,1218.99
2017-04-11,1218.99,1229.0,1198.02,1209.99
2017-04-10,1209.25,1219.71,1195.0,1205.2
2017-04-09,1206.2,1216.87,1173.98,1184.05
2017-04-08,1184.03,1197.3,1166.66,1190.66
2017-04-07,1190.66,1202.0,1176.0,1190.72
2017-04-06,1190.85,1201.37,1134.36,1134.91
2017-04-05,1134.58,1145.0,1111.0,1143.0
2017-04-04,1143.0,1162.93,1118.85,1146.42
2017-04-03,1144.77,1152.0,1076.19,1076.59
2017-04-02,1078.01,1100.0,1066.49,1083.95
2017-04-01,1083.94,1097.0,1061.64,1071.34
2017-03-31,1070.31,1081.0,1031.43,1033.79
2017-03-30,1033.7,1050.17,1017.14,1037.29
2017-03-29,1035.96,1059.43,1008.16,1042.83
2017-03-28,1043.99,1068.26,1014.9,1039.09
2017-03-27,1039.92,1043.0,952.95,959.08
2017-03-26,960.0,997.0,937.52,956.02
2017-03-25,956.02,963.36,891.33,928.1
2017-03-24,929.06,1032.0,920.0,1030.84
2017-03-23,1029.65,1054.4,1010.69,1037.6
2017-03-22,1037.56,1114.39,988.0,1114.39
2017-03-21,1114.39,1117.9,1034.92,1036.23
2017-03-20,1035.96,1053.0,1010.01,1012.88
2017-03-19,1017.97,1063.7,969.4,969.4
2017-03-18,969.4,1099.0,944.36,1068.16
2017-03-17,1071.02,1173.23,1063.0,1172.0
2017-03-16,1172.62,1258.96,1130.0,1258.75
2017-03-15,1257.32,1260.0,1238.32,1245.82
2017-03-14,1245.75,1260.0,1226.5,1242.46
2017-03-13,1242.46,1249.02,1215.43,1226.42
2017-03-12,1226.62,1241.85,1170.9,1176.58
2017-03-11,1176.55,1198.0,1106.51,1111.55
2017-03-10,1116.97,1350.0,975.0,1190.99
2017-03-09,1190.89,1208.0,1135.01,1149.34
2017-03-08,1150.05,1245.49,1145.5,1233.86
2017-03-07,1233.05,1281.62,1175.97,1278.49
2017-03-06,1278.49,1285.0,1251.0,1269.98
2017-03-05,1273.0,1275.0,1240.0,1260.0
2017-03-04,1260.0,1289.55,1230.0,1287.38
2017-03-03,1285.33,1298.0,1255.0,1256.32
2017-03-02,1257.6,1283.25,1215.0,1228.0
2017-03-01,1226.39,1231.0,1188.3,1191.16
2017-02-28,1191.21,1209.99,1176.27,1194.88
2017-02-27,1194.64,1197.99,1169.0,1180.96
2017-02-26,1179.05,1184.97,1133.0,1152.11
2017-02-25,1152.2,1184.73,1127.0,1180.05
2017-02-24,1180.14,1220.0,1091.1,1183.53
2017-02-23,1188.11,1193.92,1120.73,1130.02
2017-02-22,1130.01,1143.0,1098.16,1124.83
2017-02-21,1124.62,1126.86,1077.0,1084.0
2017-02-20,1084.0,1089.99,1044.39,1051.8
2017-02-19,1051.8,1061.9,1039.07,1056.4
2017-02-18,1056.4,1068.99,1046.14,1055.75
2017-02-17,1055.46,1064.99,1031.98,1032.92
2017-02-16,1032.7,1043.21,1010.75,1011.53
2017-02-15,1011.53,1013.8,1000.97,1008.88
2017-02-14,1008.88,1019.0,987.97,1000.74
2017-02-13,1000.79,1007.89,975.1,1000.73
2017-02-12,1000.73,1011.97,991.98,1011.01
2017-02-11,1012.4,1020.0,987.62,995.49
2017-02-10,996.08,1010.68,950.0,985.71
2017-02-09,986.0,1074.69,913.73,1051.73
2017-02-08,1050.4,1070.0,1025.0,1052.48
2017-02-07,1052.48,1056.25,1021.3,1024.0
2017-02-06,1023.99,1031.94,1005.1,1010.03
2017-02-05,1011.07,1034.6,1004.7,1034.13
2017-02-04,1033.18,1044.23,1004.0,1015.06
2017-02-03,1016.99,1022.64,987.01,1009.15
2017-02-02,1009.17,1011.65,973.12,983.79
2017-02-01,983.67,986.96,962.0,963.99
2017-01-31,963.99,970.0,917.5,919.99
2017-01-30,919.99,923.0,910.0,913.12
2017-01-29,912.01,919.99,910.45,918.6
2017-01-28,918.6,920.99,913.08,918.02
2017-01-27,918.02,924.88,908.01,914.96
2017-01-26,914.83,919.49,892.86,893.25
2017-01-25,893.43,904.01,884.5,885.47
2017-01-24,885.47,923.0,881.48,913.15
2017-01-23,913.52,927.57,913.21,923.75
2017-01-22,923.76,937.74,886.76,921.98
2017-01-21,921.98,928.0,895.0,895.81
2017-01-20,895.8,902.43,880.0,902.23
2017-01-19,901.01,910.0,878.89,887.69
2017-01-18,887.7,915.99,851.74,905.95
2017-01-17,905.99,908.5,827.0,831.76
2017-01-16,831.81,835.0,818.09,821.86
2017-01-15,821.86,823.45,808.0,819.52
2017-01-14,818.27,837.76,810.0,825.98
2017-01-13,825.86,831.4,775.0,807.51
2017-01-12,807.47,832.99,751.34,778.7
2017-01-11,778.62,918.4,755.0,905.24
2017-01-10,905.05,912.47,889.41,896.09
2017-01-09,896.23,912.87,875.0,909.8
2017-01-08,909.75,941.81,881.3,906.2
2017-01-07,906.2,907.05,812.28,894.02
2017-01-06,893.89,1026.99,871.0,1004.73
2017-01-05,1004.74,1136.72,885.41,1114.38
2017-01-04,1114.92,1139.89,1028.56,1035.51
2017-01-03,1035.24,1039.0,999.99,1011.44
2017-01-02,1012.54,1032.0,990.01,997.75
2017-01-01,997.75,1005.0,960.53,966.34
2016-12-31,966.3,966.37,944.11,959.54
2016-12-30,959.54,970.0,931.0,969.99
2016-12-29,969.58,980.74,950.0,976.48
2016-12-28,976.47,976.48,929.49,930.34
2016-12-27,930.34,936.42,891.0,897.82
2016-12-26,897.1,905.18,888.0,890.65
2016-12-25,890.67,894.97,859.0,892.61
2016-12-24,892.61,918.5,878.89,914.48
2016-12-23,914.0,920.0,858.93,858.94
2016-12-22,859.96,875.0,827.29,832.02
2016-12-21,832.75,834.97,796.82,798.83
2016-12-20,798.65,803.0,787.1,791.03
2016-12-19,791.0,794.39,787.01,788.34
2016-12-18,788.67,790.99,780.0,788.3
2016-12-17,788.52,790.88,780.36,781.32
2016-12-16,781.32,782.46,771.24,776.3
2016-12-15,775.89,779.08,771.0,777.03
2016-12-14,777.09,781.0,770.74,775.75
2016-12-13,775.35,793.27,765.1,777.0
2016-12-12,776.9,779.0,768.96,768.97
2016-12-11,768.97,772.28,764.01,772.28
2016-12-10,772.28,774.12,768.11,769.57
2016-12-09,769.57,773.99,766.29,766.84
2016-12-08,766.84,772.01,762.29,764.05
2016-12-07,763.99,769.61,751.78,758.97
2016-12-06,758.98,759.9,747.99,749.51
2016-12-05,750.24,762.09,743.0,762.0
2016-12-04,762.0,762.97,752.41,762.97
2016-12-03,760.75,770.99,752.41,770.91
2016-12-02,769.99,778.07,750.77,751.55
2016-12-01,751.54,754.98,740.18,742.06
2016-11-30,742.06,744.49,727.0,730.72
2016-11-29,730.76,733.29,721.0,730.99
2016-11-28,729.54,732.44,724.1,727.32
2016-11-27,727.32,732.0,722.44,729.91
2016-11-26,729.91,737.56,722.3,736.96
2016-11-25,737.07,737.07,728.0,735.63
2016-11-24,735.63,741.15,729.0,740.18
2016-11-23,740.18,749.98,729.92,749.13
2016-11-22,749.22,750.0,730.27,736.92
2016-11-21,736.76,739.2,727.03,727.09
2016-11-20,727.09,753.82,714.0,750.09
2016-11-19,750.75,755.07,742.63,748.98
2016-11-18,748.98,752.95,731.31,736.0
2016-11-17,735.24,749.98,732.22,739.71
2016-11-16,739.71,742.87,708.44,711.07
2016-11-15,711.06,716.54,703.05,704.98
2016-11-14,703.82,705.89,697.14,700.38
2016-11-13,700.38,702.89,683.23,701.17
2016-11-12,702.28,716.39,701.0,716.39
2016-11-11,716.39,720.94,712.24,714.48
2016-11-10,714.47,722.0,707.0,721.5
2016-11-09,721.5,740.86,705.45,708.17
2016-11-08,709.31,712.92,701.02,702.86
2016-11-07,702.86,709.92,698.26,709.92
2016-11-06,709.93,714.36,697.92,703.33
2016-11-05,703.46,707.34,694.71,702.95
2016-11-04,702.7,707.67,681.0,684.84
2016-11-03,685.22,745.19,670.32,742.0
2016-11-02,742.0,742.0,717.32,726.6
2016-11-01,726.6,737.0,695.38,697.04
2016-10-31,697.01,706.97,683.6,697.1
2016-10-30,697.23,711.78,691.49,711.1
2016-10-29,711.13,717.99,684.89,685.91
2016-10-28,685.91,687.23,677.05,684.68
2016-10-27,684.71,685.89,665.59,674.63
2016-10-26,675.11,677.0,651.69,651.97
2016-10-25,651.97,657.58,643.0,649.03
2016-10-24,648.6,652.25,640.0,648.71
2016-10-23,648.74,656.0,647.51,654.52
2016-10-22,654.52,656.0,628.57,628.99
2016-10-21,629.0,632.36,627.5,628.05
2016-10-20,628.89,630.22,625.0,627.84
2016-10-19,627.98,638.04,624.13,635.95
2016-10-18,635.95,637.8,631.52,636.96
2016-10-17,636.91,639.99,632.1,638.97
2016-10-16,638.97,641.4,635.18,635.26
2016-10-15,635.96,642.0,635.25,638.2
2016-10-14,638.2,639.99,630.45,635.16
2016-10-13,634.02,636.0,630.0,634.5
2016-10-12,634.5,640.0,628.76,638.3
2016-10-11,639.0,639.0,614.56,616.37
2016-10-10,616.0,616.47,612.12,612.12
2016-10-09,613.06,614.98,610.0,614.34
2016-10-08,614.34,616.99,612.5,614.88
2016-10-07,614.88,616.34,607.52,610.25
2016-10-06,610.25,610.5,607.09,608.01
2016-10-05,608.49,612.0,605.76,607.19
2016-10-04,607.19,612.84,604.99,612.84
2016-10-03,611.16,612.98,606.6,608.6
2016-10-02,608.6,613.0,605.0,612.98
2016-10-01,612.98,614.28,608.23,608.23
2016-09-30,608.23,608.39,603.15,605.59
2016-09-29,605.6,605.99,601.0,603.93
2016-09-28,603.95,605.3,601.41,605.07
2016-09-27,604.26,608.37,600.02,606.7
2016-09-26,606.47,607.27,596.1,598.95
2016-09-25,598.98,601.99,596.0,600.05
2016-09-24,599.33,603.59,597.76,600.47
2016-09-23,601.42,602.9,593.0,595.42
2016-09-22,595.41,596.42,592.5,595.46
2016-09-21,595.46,601.01,592.1,600.85
2016-09-20,600.94,608.88,600.94,608.73
2016-09-19,608.72,609.5,603.0,608.0
2016-09-18,608.0,609.06,601.97,602.93
2016-09-17,604.1,607.59,601.1,607.04
2016-09-16,605.69,608.99,603.5,606.65
2016-09-15,606.71,608.99,602.3,608.5
2016-09-14,608.5,610.69,605.98,607.45
2016-09-13,607.46,609.61,603.28,606.4
2016-09-12,608.04,609.15,602.0,604.08
2016-09-11,606.32,628.99,594.63,621.65
2016-09-10,621.65,625.0,618.67,622.01
2016-09-09,622.01,627.49,612.93,625.67
2016-09-08,625.67,628.98,611.66,614.44
2016-09-07,615.16,615.92,604.7,608.93
2016-09-06,608.16,609.74,601.0,604.98
2016-09-05,603.48,607.31,592.46,605.72
2016-09-04,603.72,609.05,590.88,596.25
2016-09-03,595.01,598.64,569.01,572.0
2016-09-02,572.0,574.2,567.03,571.05
2016-09-01,571.05,572.86,566.86,570.75
2016-08-31,570.75,576.49,568.4,575.88
2016-08-30,575.91,576.5,568.55,570.74
2016-08-29,571.5,575.0,568.6,573.2
2016-08-28,573.2,573.34,566.8,567.51
2016-08-27,568.31,579.09,564.81,577.92
2016-08-26,578.78,582.46,574.1,575.75
2016-08-25,575.71,578.75,571.16,577.65
2016-08-24,577.58,582.1,575.4,580.27
2016-08-23,580.23,584.99,576.0,582.78
2016-08-22,582.78,585.95,572.5,577.55
2016-08-21,577.55,583.99,576.01,577.7
2016-08-20,577.88,581.02,568.52,572.98
2016-08-19,572.91,574.86,552.3,571.51
2016-08-18,571.49,575.87,568.79,570.91
2016-08-17,570.91,577.86,566.02,574.95
2016-08-16,574.99,579.8,563.0,564.2
2016-08-15,565.55,573.69,554.9,568.76
2016-08-14,568.76,583.92,556.24,583.54
2016-08-13,583.52,589.98,581.71,585.34
2016-08-12,585.91,591.19,580.47,585.25
2016-08-11,585.22,597.78,585.22,590.46
2016-08-10,590.27,603.0,580.01,582.71
2016-08-09,582.75,591.85,579.43,591.85
2016-08-08,591.88,594.0,583.58,592.47
2016-08-07,592.47,598.82,582.12,589.47
2016-08-06,589.48,592.0,562.56,572.98
2016-08-05,572.5,578.2,562.0,578.14
2016-08-04,576.13,583.97,552.0,563.99
2016-08-03,563.42,572.34,521.0,540.0
2016-08-02,540.0,613.03,465.28,606.84
2016-08-01,606.35,630.0,603.63,622.5
2016-07-31,623.83,654.71,614.97,654.02
2016-07-30,654.67,657.5,652.19,654.88
2016-07-29,654.61,657.48,653.0,654.84
2016-07-28,653.07,657.89,652.41,655.13
2016-07-27,653.48,659.98,646.31,651.22
2016-07-26,651.24,656.94,645.01,655.0
2016-07-25,654.96,661.99,652.28,659.64
2016-07-24,661.47,665.0,651.99,655.52
2016-07-23,655.52,656.77,646.0,647.88
2016-07-22,649.95,666.3,645.0,663.25
2016-07-21,663.99,667.1,660.1,667.01
2016-07-20,667.03,675.0,660.0,674.8
2016-07-19,673.48,675.81,666.0,673.45
2016-07-18,672.1,682.21,666.12,679.54
2016-07-17,679.54,684.19,661.35,662.45
2016-07-16,662.45,666.67,655.0,664.6
2016-07-15,664.6,670.01,658.41,660.3
2016-07-14,659.1,664.93,650.01,652.24
2016-07-13,655.06,669.97,651.03,663.52
2016-07-12,663.52,678.0,646.05,649.32
2016-07-11,649.32,659.6,639.31,648.77
2016-07-10,648.76,650.88,636.8,647.78
2016-07-09,647.78,663.99,626.0,663.0
2016-07-08,663.0,665.99,635.0,638.89
2016-07-07,638.19,678.43,605.5,674.7
2016-07-06,674.7,679.0,662.13,669.09
2016-07-05,668.94,682.36,661.57,678.74
2016-07-04,680.35,682.35,640.1,659.77
2016-07-03,658.27,704.99,646.29,702.48
2016-07-02,702.48,704.93,672.74,674.55
2016-07-01,674.86,684.1,659.71,666.33
2016-06-30,667.95,671.22,628.06,635.91
2016-06-29,634.11,645.0,621.09,644.33
2016-06-28,646.08,665.51,635.5,657.49
2016-06-27,657.5,658.0,618.03,630.16
2016-06-26,630.16,662.9,608.64,658.8
2016-06-25,659.86,684.45,639.4,660.76
2016-06-24,661.71,683.88,620.82,622.59
2016-06-23,624.91,632.67,1.5,600.51
2016-06-22,601.3,677.63,588.03,665.36
2016-06-21,667.54,728.18,625.0,725.0
2016-06-20,730.85,763.99,723.4,759.12
2016-06-19,761.44,764.93,740.11,753.47
2016-06-18,754.83,778.85,723.02,745.0
2016-06-17,745.22,778.7,706.37,767.37
2016-06-16,766.62,773.07,689.8,695.0
2016-06-15,695.0,695.77,672.12,685.25
2016-06-14,685.25,704.5,655.0,703.81
2016-06-13,704.49,725.0,655.02,668.73
2016-06-12,672.13,683.02,603.21,610.0
2016-06-11,610.0,611.0,575.93,576.53
2016-06-10,578.01,580.0,572.0,576.06
2016-06-09,575.01,583.1,572.97,583.01
2016-06-08,583.03,584.25,571.86,577.48
2016-06-07,577.54,594.44,563.0,584.12
2016-06-06,584.5,586.02,573.8,573.8
2016-06-05,573.91,582.0,566.0,573.5
2016-06-04,573.8,588.71,558.54,569.93
2016-06-03,569.94,578.37,535.74,538.0
2016-06-02,538.0,540.0,529.13,536.95
2016-06-01,536.95,542.87,525.49,532.37
2016-05-31,531.84,548.5,515.0,527.98
2016-05-30,527.64,535.0,510.01,517.6
2016-05-29,517.84,540.0,485.0,522.13
2016-05-28,519.41,529.08,468.0,470.58
2016-05-27,472.05,478.16,452.07,452.07
2016-05-26,452.07,452.98,446.8,448.27
2016-05-25,448.7,449.6,444.26,445.31
2016-05-24,443.97,446.37,441.0,442.63
2016-05-23,442.99,442.99,436.4,438.72
2016-05-22,438.8,443.47,435.0,442.72
2016-05-21,443.31,443.98,435.28,442.84
2016-05-20,442.72,444.41,435.06,436.3
2016-05-19,436.3,453.85,435.03,452.47
2016-05-18,452.92,455.68,452.0,452.96
2016-05-17,453.08,456.09,452.0,454.0
2016-05-16,454.0,458.0,451.11,457.56
2016-05-15,457.56,458.08,454.72,456.3
2016-05-14,455.57,457.25,453.51,456.42
2016-05-13,455.91,456.82,452.04,455.2
2016-05-12,455.2,455.25,448.88,452.95
2016-05-11,452.91,457.99,450.32,450.88
2016-05-10,451.62,463.0,447.38,461.49
2016-05-09,460.82,464.79,455.62,457.75
2016-05-08,458.21,459.69,455.95,458.97
2016-05-07,458.07,461.0,455.95,458.98
2016-05-06,458.48,463.97,447.03,448.5
2016-05-05,448.5,450.0,445.11,447.36
2016-05-04,446.63,451.68,444.15,451.18
2016-05-03,450.61,452.0,440.78,444.06
2016-05-02,444.06,453.8,438.59,452.99
2016-05-01,453.0,453.78,446.84,448.43
2016-04-30,448.37,456.9,446.5,456.53
2016-04-29,456.53,456.53,445.62,449.94
2016-04-28,449.14,451.0,435.0,445.39
2016-04-27,445.38,469.03,443.2,467.39
2016-04-26,467.42,469.87,462.13,462.29
2016-04-25,462.33,469.47,455.13,460.03
2016-04-24,460.02,470.02,447.06,451.92
2016-04-23,451.92,452.19,444.46,447.16
2016-04-22,447.7,451.36,442.96,451.0
2016-04-21,451.0,452.11,440.0,441.99
2016-04-20,442.13,444.0,433.11,435.7
2016-04-19,435.63,436.82,426.24,428.14
2016-04-18,428.14,430.01,425.8,427.15
2016-04-17,427.42,430.91,424.24,430.18
2016-04-16,430.69,432.87,427.12,429.29
2016-04-15,429.45,430.0,423.07,424.4
2016-04-14,424.86,425.35,420.57,423.6
2016-04-13,423.93,426.0,422.27,425.32
2016-04-12,425.54,426.67,421.0,422.79
2016-04-11,422.69,422.8,418.0,420.4
2016-04-10,420.04,421.79,417.2,418.59
2016-04-09,418.24,418.71,412.0,417.75
2016-04-08,417.75,423.99,416.26,419.99
2016-04-07,420.0,421.99,418.09,420.62
2016-04-06,421.03,422.9,420.0,422.71
2016-04-05,422.71,423.0,418.21,418.81
2016-04-04,418.75,419.85,416.0,418.51
2016-04-03,419.11,419.48,416.1,419.35
2016-04-02,419.0,420.0,416.01,416.31
2016-04-01,416.31,416.99,413.42,414.66
2016-03-31,414.66,416.99,411.4,413.68
2016-03-30,413.74,415.93,408.59,415.43
2016-03-29,415.95,424.37,407.22,422.87
2016-03-28,422.87,424.77,420.32,424.62
2016-03-27,424.77,427.99,415.77,416.96
2016-03-26,416.96,416.99,414.0,415.6
2016-03-25,415.7,416.92,412.0,415.17
2016-03-24,415.17,418.15,412.85,417.62
2016-03-23,417.62,419.0,413.44,416.39
2016-03-22,416.64,416.99,410.35,411.15
2016-03-21,411.67,411.96,406.5,410.62
2016-03-20,411.28,412.0,406.6,408.36
2016-03-19,409.04,409.95,404.1,407.5
2016-03-18,407.91,418.49,403.34,418.47
2016-03-17,418.49,419.0,415.66,416.52
2016-03-16,416.57,416.82,413.15,415.84
2016-03-15,415.85,417.43,412.15,414.83
2016-03-14,414.99,415.22,410.5,412.99
2016-03-13,413.04,417.0,409.67,409.95
2016-03-12,410.9,420.93,406.59,419.14
2016-03-11,419.13,421.91,415.11,416.0
2016-03-10,416.0,416.9,409.31,412.99
2016-03-09,413.0,413.51,408.75,412.14
2016-03-08,411.75,414.99,408.46,413.96
2016-03-07,414.01,414.96,403.03,406.15
2016-03-06,406.23,412.31,393.11,399.77
2016-03-05,399.83,408.98,382.0,408.18
2016-03-04,408.01,423.9,406.02,420.29
2016-03-03,420.29,424.47,415.85,422.4
2016-03-02,423.45,434.5,421.31,433.33
2016-03-01,432.5,437.5,427.01,436.75
2016-02-29,435.23,440.99,428.12,430.26
2016-02-28,431.68,435.0,422.29,431.07
2016-02-27,431.07,435.0,428.22,432.0
2016-02-26,432.0,432.0,418.01,423.38
2016-02-25,423.51,426.75,415.79,423.79
2016-02-24,423.78,424.28,409.07,419.1
2016-02-23,419.1,440.0,414.0,438.26
2016-02-22,438.27,439.5,431.15,438.33
2016-02-21,438.5,447.99,426.0,434.63
2016-02-20,434.63,443.96,419.5,419.98
2016-02-19,419.54,422.0,414.0,421.15
2016-02-18,421.18,424.9,413.4,415.59
2016-02-17,415.54,421.11,404.0,407.51
2016-02-16,407.51,407.8,396.0,399.5
2016-02-15,399.28,409.71,393.4,405.5
2016-02-14,405.0,406.71,390.59,390.99
2016-02-13,390.99,390.99,382.0,383.0
2016-02-12,383.27,383.48,377.07,377.98
2016-02-11,377.98,380.5,373.54,379.34
2016-02-10,379.66,383.85,372.12,373.69
2016-02-09,373.2,377.0,369.12,370.95
2016-02-08,370.91,378.99,369.99,375.0
2016-02-07,375.0,380.0,373.04,375.39
2016-02-06,375.39,384.98,371.35,384.97
2016-02-05,385.0,389.5,382.99,388.0
2016-02-04,387.82,391.88,367.95,368.4
2016-02-03,368.38,374.0,365.0,373.05
2016-02-02,373.05,375.0,369.73,371.79
2016-02-01,371.81,378.2,366.53,368.49
2016-01-31,368.49,379.3,364.7,376.38
2016-01-30,375.64,380.42,372.95,378.12
2016-01-29,378.22,383.99,363.73,379.55
2016-01-28,379.75,395.56,376.0,394.62
2016-01-27,394.95,397.0,390.31,391.77
2016-01-26,391.77,397.7,386.2,390.1
2016-01-25,390.9,402.31,385.5,402.16
2016-01-24,402.16,405.97,385.36,386.37
2016-01-23,386.4,395.0,381.05,382.85
2016-01-22,382.55,410.07,374.45,409.42
2016-01-21,409.59,421.25,404.59,418.9
2016-01-20,416.32,422.98,372.53,376.9
2016-01-19,376.76,386.92,375.59,385.47
2016-01-18,385.49,388.5,373.63,379.94
2016-01-17,380.16,391.14,376.0,387.8
2016-01-16,386.91,392.07,352.0,360.62
2016-01-15,360.0,429.8,360.0,429.55
2016-01-14,429.55,434.0,427.0,432.64
2016-01-13,432.64,438.35,424.5,434.78
2016-01-12,434.85,448.0,434.35,448.0
2016-01-11,448.0,451.13,438.0,448.2
2016-01-10,448.79,449.89,440.8,448.84
2016-01-09,448.84,454.0,446.68,452.02
2016-01-08,452.7,465.0,444.51,456.87
2016-01-07,457.0,459.16,429.25,429.99
2016-01-06,429.56,432.67,426.54,432.45
2016-01-05,432.43,435.39,429.5,433.31
2016-01-04,434.17,435.86,428.44,431.54
2016-01-03,431.04,434.09,424.06,433.2
2016-01-02,433.55,435.99,430.42,434.87
2016-01-01,433.82,436.0,427.2,430.89
2015-12-31,430.89,433.89,419.99,426.09
2015-12-30,425.84,434.97,420.75,431.7
2015-12-29,431.82,433.33,418.55,420.81
2015-12-28,421.46,429.86,417.01,421.78
2015-12-27,421.76,425.42,410.5,417.11
2015-12-26,417.39,457.45,407.25,455.5
2015-12-25,455.51,458.33,448.0,455.78
2015-12-24,455.0,459.54,443.01,443.01
2015-12-23,442.56,445.52,434.43,435.65
2015-12-22,435.48,443.58,433.06,438.14
2015-12-21,438.07,450.0,425.52,442.47
2015-12-20,442.54,462.0,433.83,461.89
2015-12-19,461.8,465.9,452.03,463.7
2015-12-18,462.46,466.64,453.5,455.37
2015-12-17,456.17,458.84,448.75,455.61
2015-12-16,455.87,465.0,436.89,464.53
2015-12-15,464.53,464.99,442.94,443.3
2015-12-14,443.36,448.12,428.42,433.13
2015-12-13,433.07,442.97,422.03,436.08
2015-12-12,436.19,467.8,403.0,453.12
2015-12-11,453.04,454.48,415.13,415.57
2015-12-10,415.57,419.79,408.91,416.69
2015-12-09,416.98,424.95,400.0,416.67
2015-12-08,417.89,418.87,388.33,395.57
2015-12-07,395.58,399.91,381.01,388.54
2015-12-06,388.24,399.85,383.0,388.0
2015-12-05,388.0,389.89,363.0,363.62
2015-12-04,363.62,364.3,355.92,361.48
2015-12-03,361.42,370.53,356.21,359.11
2015-12-02,358.89,362.84,348.64,362.7
2015-12-01,363.06,379.0,354.56,376.7
2015-11-30,376.71,383.0,367.11,371.2
2015-11-29,371.48,373.15,354.45,356.78
2015-11-28,356.95,359.44,350.41,357.42
2015-11-27,357.14,364.8,347.84,353.9
2015-11-26,353.21,369.7,328.53,328.9
2015-11-25,328.9,330.84,316.0,319.7
2015-11-24,319.7,323.5,317.0,323.48
2015-11-23,323.48,326.09,320.39,324.2
2015-11-22,324.2,326.6,320.13,326.5
2015-11-21,326.5,328.94,318.52,322.04
2015-11-20,322.04,327.73,310.0,326.51
2015-11-19,326.02,336.48,324.92,335.68
2015-11-18,335.65,337.89,330.28,336.0
2015-11-17,336.08,350.44,329.0,330.82
2015-11-16,330.83,332.25,315.0,319.29
2015-11-15,319.28,334.99,314.6,332.95
2015-11-14,333.0,356.1,325.45,336.98
2015-11-13,336.99,342.0,325.0,337.0
2015-11-12,337.17,344.78,308.42,309.95
2015-11-11,309.91,341.41,294.0,335.02
2015-11-10,336.8,381.44,323.63,378.02
2015-11-09,377.9,386.79,360.54,372.86
2015-11-08,372.65,390.47,366.18,383.62
2015-11-07,383.53,392.82,371.07,374.41
2015-11-06,374.47,396.67,353.26,387.77
2015-11-05,385.5,448.79,364.37,407.99
2015-11-04,408.0,502.0,368.11,404.55
2015-11-03,404.06,420.77,360.4,361.26
2015-11-02,361.74,369.02,320.0,325.78
2015-11-01,325.78,329.85,303.01,310.9
2015-10-31,310.18,334.67,302.99,328.28
2015-10-30,328.65,334.05,313.5,314.95
2015-10-29,314.82,319.6,301.7,305.67
2015-10-28,305.65,308.48,294.4,295.8
2015-10-27,295.54,300.0,286.15,286.9
2015-10-26,286.9,286.99,279.25,283.96
2015-10-25,283.96,296.0,282.2,283.03
2015-10-24,282.84,284.0,278.22,278.6
2015-10-23,278.6,280.19,273.46,275.21
2015-10-22,275.21,280.04,267.39,267.9
2015-10-21,267.89,272.69,264.0,270.3
2015-10-20,270.64,272.95,262.67,264.28
2015-10-19,263.66,266.01,259.82,260.99
2015-10-18,261.05,271.17,260.0,270.04
2015-10-17,270.07,273.0,260.8,263.09
2015-10-16,263.09,267.0,253.69,254.49
2015-10-15,254.49,256.5,250.3,252.47
2015-10-14,252.47,255.93,248.06,249.97
2015-10-13,249.73,250.89,242.82,245.81
2015-10-12,245.81,248.47,245.01,248.05
2015-10-11,248.05,248.5,244.53,245.71
2015-10-10,245.71,246.43,243.0,244.49
2015-10-09,244.48,244.95,242.16,243.29
2015-10-08,242.9,244.76,242.06,243.47
2015-10-07,243.2,247.65,242.3,246.79
2015-10-06,246.57,248.19,239.52,240.85
2015-10-05,240.84,240.85,236.1,238.6
2015-10-04,238.6,239.98,237.62,239.06
2015-10-03,238.95,239.86,236.3,237.77
2015-10-02,237.77,239.06,235.0,238.0
2015-10-01,237.15,239.44,235.01,235.87
2015-09-30,236.2,238.27,234.67,236.78
2015-09-29,236.94,240.56,235.09,239.14
2015-09-28,239.14,239.68,231.69,232.4
2015-09-27,232.41,234.61,231.16,233.81
2015-09-26,233.81,235.67,233.0,235.14
2015-09-25,235.22,237.25,232.56,233.88
2015-09-24,233.86,235.52,228.89,229.42
2015-09-23,229.42,231.5,228.0,230.08
2015-09-22,230.42,231.96,223.12,226.15
2015-09-21,226.15,230.15,225.0,230.1
2015-09-20,230.16,231.7,229.0,230.0
2015-09-19,230.0,233.76,229.89,233.24
2015-09-18,233.12,234.4,230.83,232.2
2015-09-17,232.17,235.0,227.0,228.34
2015-09-16,228.34,230.5,223.0,229.99
2015-09-15,230.03,231.21,226.5,229.84
2015-09-14,229.71,232.92,223.99,229.66
2015-09-13,229.66,236.09,228.0,234.79
2015-09-12,234.79,240.0,233.02,239.92
2015-09-11,240.0,240.94,237.5,238.57
2015-09-10,238.66,241.65,234.78,238.35
2015-09-09,238.35,244.22,237.01,244.04
2015-09-08,244.21,246.24,239.98,240.07
2015-09-07,240.19,242.91,238.44,240.28
2015-09-06,240.28,244.2,235.02,235.39
2015-09-05,235.6,237.22,229.23,230.72
2015-09-04,230.52,231.4,226.33,227.24
2015-09-03,227.28,229.96,226.5,228.95
2015-09-02,229.18,230.77,226.0,227.97
2015-09-01,227.96,231.67,226.17,230.25
2015-08-31,229.86,232.49,224.39,229.04
2015-08-30,229.0,232.75,225.04,230.41
2015-08-29,230.54,233.9,226.67,231.76
2015-08-28,231.65,235.93,220.29,225.09
2015-08-27,225.09,228.89,223.17,225.8
2015-08-26,225.8,231.09,219.77,222.38
2015-08-25,222.38,228.04,198.12,209.76
2015-08-24,209.72,228.99,207.73,228.35
2015-08-23,228.89,234.03,225.85,231.0
2015-08-22,231.0,235.2,223.01,233.5
2015-08-21,233.49,236.66,231.77,235.15
2015-08-20,235.54,236.66,226.4,226.4
2015-08-19,226.92,237.66,222.01,224.0
2015-08-18,224.8,256.99,221.11,256.66
2015-08-17,256.47,259.12,254.63,256.11
2015-08-16,256.11,262.2,254.01,261.46
2015-08-15,261.46,266.5,260.45,265.57
2015-08-14,265.4,266.99,262.0,264.74
2015-08-13,264.48,267.88,262.32,267.53
2015-08-12,267.73,271.16,265.71,271.15
2015-08-11,271.15,271.5,264.07,264.11
2015-08-10,264.33,266.79,261.6,265.05
2015-08-09,265.05,268.95,261.01,262.19
2015-08-08,262.19,279.97,260.41,279.94
2015-08-07,279.63,280.43,274.19,277.48
2015-08-06,277.48,281.65,276.6,281.13
2015-08-05,281.13,285.86,280.63,284.91
2015-08-04,285.0,285.88,280.43,280.43
2015-08-03,280.43,285.8,279.52,282.53
2015-08-02,282.32,282.9,276.57,280.19
2015-08-01,280.19,285.16,276.66,284.69
2015-07-31,284.33,289.0,281.8,288.29
2015-07-30,288.01,290.08,284.53,289.85
2015-07-29,289.85,294.57,287.27,294.01
2015-07-28,294.01,297.0,292.19,294.03
2015-07-27,294.29,297.44,286.43,292.85
2015-07-26,293.19,294.0,287.41,288.97
2015-07-25,288.78,292.0,286.5,289.0
2015-07-24,289.01,290.53,275.9,276.61
2015-07-23,276.61,278.55,275.79,277.5
2015-07-22,277.68,277.97,275.0,276.49
2015-07-21,276.76,281.07,276.28,278.95
2015-07-20,278.96,279.35,274.62,275.08
2015-07-19,275.47,278.1,275.01,276.74
2015-07-18,276.79,283.0,276.73,279.15
2015-07-17,279.43,280.73,272.31,277.74
2015-07-16,277.89,292.4,274.92,285.67
2015-07-15,285.67,293.7,284.29,287.49
2015-07-14,287.55,297.13,286.02,292.54
2015-07-13,292.68,310.73,281.0,310.55
2015-07-12,310.55,317.99,291.65,291.65
2015-07-11,291.64,298.05,283.88,284.63
2015-07-10,285.23,294.71,268.63,268.98
2015-07-09,268.92,271.98,265.92,270.41
2015-07-08,270.63,273.24,263.01,265.67
2015-07-07,265.51,271.69,264.01,268.53
2015-07-06,268.51,278.54,267.13,271.39
2015-07-05,271.5,274.74,258.75,260.16
2015-07-04,260.2,261.28,254.05,256.06
2015-07-03,255.92,256.44,252.4,254.49
2015-07-02,254.54,260.77,253.19,257.62
2015-07-01,257.62,265.25,253.81,262.58
2015-06-30,262.5,268.0,255.0,256.04
2015-06-29,256.04,256.94,248.3,248.63
2015-06-28,248.62,251.28,247.04,251.28
2015-06-27,251.21,252.0,242.36,242.98
2015-06-26,242.98,243.44,240.0,242.08
2015-06-25,241.98,242.9,239.18,240.19
2015-06-24,240.19,243.99,238.2,243.85
2015-06-23,243.74,247.25,242.14,245.99
2015-06-22,246.0,247.99,242.64,243.6
2015-06-21,243.64,245.0,241.06,244.65
2015-06-20,244.76,245.56,239.93,243.75
2015-06-19,243.7,249.93,242.14,248.45
2015-06-18,248.4,251.58,240.0,247.76
2015-06-17,247.76,257.39,243.2,250.02
2015-06-16,250.09,252.05,234.35,236.0
2015-06-15,235.92,237.09,231.55,232.08
2015-06-14,232.09,234.0,230.94,231.64
2015-06-13,231.64,232.04,228.06,229.3
2015-06-12,229.4,230.7,228.29,229.14
2015-06-11,229.03,229.57,227.25,227.8
2015-06-10,227.88,229.75,226.83,228.7
2015-06-09,228.7,230.79,226.67,228.05
2015-06-08,228.17,229.4,222.31,222.65
2015-06-07,222.7,225.48,221.86,224.95
2015-06-06,224.99,225.26,223.07,224.4
2015-06-05,224.4,225.9,219.03,222.99
2015-06-04,222.99,225.98,222.0,224.8
2015-06-03,224.27,226.99,222.57,225.17
2015-06-02,225.18,226.38,221.34,223.5
2015-06-01,223.51,231.2,220.65,228.91
2015-05-31,228.91,232.51,228.0,232.11
2015-05-30,232.11,236.03,231.0,236.03
2015-05-29,236.03,236.52,234.0,236.46
2015-05-28,236.46,236.8,234.87,235.32
2015-05-27,235.17,237.35,234.0,235.71
2015-05-26,235.71,237.96,234.0,235.72
2015-05-25,235.59,240.1,233.1,239.69
2015-05-24,239.22,241.64,237.66,237.87
2015-05-23,237.76,240.67,237.4,238.8
2015-05-22,238.99,240.9,232.92,235.0
2015-05-21,235.0,236.52,233.75,234.4
2015-05-20,234.43,234.86,231.0,231.4
2015-05-19,231.4,234.24,230.86,233.03
2015-05-18,232.87,236.94,231.44,235.69
2015-05-17,235.97,237.0,234.15,235.43
2015-05-16,235.66,237.4,234.0,237.39
2015-05-15,237.37,239.28,235.12,237.12
2015-05-14,237.13,239.7,232.22,235.97
2015-05-13,235.97,244.14,235.06,241.03
2015-05-12,241.03,242.0,237.54,241.3
2015-05-11,241.3,244.51,237.99,239.13
2015-05-10,239.13,244.99,238.02,241.83
2015-05-09,241.96,247.01,238.62,243.22
2015-05-08,243.2,246.57,235.29,236.92
2015-05-07,236.87,240.0,227.35,228.34
2015-05-06,228.49,235.94,227.01,235.18
2015-05-05,235.12,238.78,229.66,238.22
2015-05-04,238.34,242.2,236.07,239.73
2015-05-03,239.0,242.25,232.31,233.83
2015-05-02,233.83,234.9,229.87,231.05
2015-05-01,231.0,239.23,230.51,236.47
2015-04-30,236.2,240.0,224.6,225.5
2015-04-29,225.48,226.99,221.81,225.18
2015-04-28,225.16,227.56,221.45,227.17
2015-04-27,227.23,229.93,217.52,219.52
2015-04-26,219.52,227.26,214.98,226.12
2015-04-25,226.12,232.29,225.7,231.04
2015-04-24,230.24,236.0,228.0,235.61
2015-04-23,235.98,236.22,232.01,233.25
2015-04-22,233.45,238.64,229.1,235.71
2015-04-21,235.74,236.0,223.91,224.3
2015-04-20,224.3,226.51,221.43,222.54
2015-04-19,222.54,227.35,221.91,223.35
2015-04-18,223.4,224.72,220.32,222.6
2015-04-17,222.6,228.29,220.0,227.36
2015-04-16,227.5,229.67,222.44,222.83
2015-04-15,222.88,222.88,214.05,215.78
2015-04-14,215.8,224.79,210.0,222.97
2015-04-13,223.15,236.9,219.64,236.42
2015-04-12,236.5,237.5,233.42,236.09
2015-04-11,236.15,239.42,233.0,235.99
2015-04-10,235.99,243.94,231.0,243.75
2015-04-09,243.43,246.3,238.47,244.58
2015-04-08,244.84,254.96,243.06,253.71
2015-04-07,253.72,256.62,251.5,255.54
2015-04-06,255.58,262.98,254.0,260.57
2015-04-05,260.54,261.0,251.65,253.6
2015-04-04,253.7,255.85,250.76,254.19
2015-04-03,254.19,256.67,251.23,253.22
2015-04-02,253.28,256.96,244.52,246.68
2015-04-01,246.69,246.83,239.32,243.93
2015-03-31,244.24,248.59,238.55,247.95
2015-03-30,247.95,248.86,236.52,242.41
2015-03-29,242.0,252.96,239.96,252.91
2015-03-28,252.87,253.83,247.25,247.93
2015-03-27,247.94,250.52,245.12,249.23
2015-03-26,249.23,253.75,244.91,246.99
2015-03-25,246.94,250.0,236.4,245.0
2015-03-24,245.0,266.52,241.84,265.98
2015-03-23,265.94,270.07,259.5,268.28
2015-03-22,267.74,272.0,259.24,260.0
2015-03-21,260.0,262.49,256.25,261.92
2015-03-20,261.96,265.27,257.0,261.97
2015-03-19,261.81,265.95,249.0,256.59
2015-03-18,256.45,284.0,249.02,282.8
2015-03-17,282.8,292.99,281.9,289.27
2015-03-16,289.27,294.26,285.78,286.79
2015-03-15,286.75,287.75,281.42,282.36
2015-03-14,282.01,287.69,280.46,283.25
2015-03-13,283.25,295.66,282.99,295.66
2015-03-12,295.31,297.95,289.0,296.29
2015-03-11,296.54,296.79,285.83,290.0
2015-03-10,290.0,296.8,283.96,287.12
2015-03-09,287.12,289.0,274.17,275.0
2015-03-08,275.0,277.57,271.12,276.71
2015-03-07,276.71,279.48,270.0,272.61
2015-03-06,272.68,276.46,269.0,273.46
2015-03-05,273.09,280.5,262.2,270.72
2015-03-04,270.78,283.88,264.94,281.03
2015-03-03,281.0,284.95,265.89,275.95
2015-03-02,274.93,277.0,255.61,257.95
2015-03-01,258.34,260.25,245.0,253.45
2015-02-28,253.47,254.56,245.2,252.29
2015-02-27,252.78,256.15,236.16,236.83
2015-02-26,236.84,238.55,234.01,237.99
2015-02-25,237.97,240.98,236.0,239.53
2015-02-24,239.55,240.97,236.07,239.63
2015-02-23,239.65,241.0,232.05,236.46
2015-02-22,236.5,247.42,232.48,245.84
2015-02-21,245.41,247.8,244.0,245.0
2015-02-20,245.48,249.32,239.41,240.61
2015-02-19,240.59,245.01,235.59,237.37
2015-02-18,237.37,247.0,232.01,244.6
2015-02-17,244.7,248.78,232.01,234.69
2015-02-16,234.7,241.23,229.2,235.61
2015-02-15,235.63,267.92,227.75,256.81
2015-02-14,256.99,259.31,236.9,237.0
2015-02-13,237.0,242.35,221.37,223.02
2015-02-12,223.0,223.09,218.01,219.57
2015-02-11,219.55,223.43,217.99,220.42
2015-02-10,220.42,222.0,215.0,220.91
2015-02-09,220.9,225.99,215.0,223.92
2015-02-08,223.88,232.89,217.28,228.78
2015-02-07,228.3,231.14,221.77,223.44
2015-02-06,223.37,225.86,210.59,216.46
2015-02-05,216.81,229.0,210.43,226.93
2015-02-04,227.0,231.0,220.02,227.94
2015-02-03,227.99,244.39,223.79,238.38
2015-02-02,238.47,241.98,221.79,226.93
2015-02-01,226.93,233.0,208.48,218.04
2015-01-31,216.9,234.8,215.75,228.06
2015-01-30,228.98,244.98,225.52,235.12
2015-01-29,235.79,242.18,220.0,236.07
2015-01-28,236.07,266.45,225.91,263.97
2015-01-27,263.98,278.51,243.1,274.76
2015-01-26,274.8,309.9,254.67,254.67
2015-01-25,255.31,257.0,241.33,249.33
2015-01-24,249.19,249.99,230.03,233.42
2015-01-23,233.64,240.0,225.55,234.08
2015-01-22,234.08,239.0,226.01,227.75
2015-01-21,227.16,228.9,205.0,211.94
2015-01-20,210.65,216.81,201.98,216.01
2015-01-19,216.34,220.94,207.7,211.8
2015-01-18,211.85,222.0,195.02,199.69
2015-01-17,199.69,212.84,192.17,208.02
2015-01-16,208.03,223.15,198.04,210.69
2015-01-15,210.98,233.9,168.5,172.0
2015-01-14,171.41,230.89,152.4,227.01
2015-01-13,227.0,268.15,216.0,267.1
2015-01-12,267.42,272.43,263.54,266.34
2015-01-11,266.39,280.94,262.08,275.6
2015-01-10,275.59,295.0,271.03,293.89
2015-01-09,293.97,305.0,272.45,299.0
2015-01-05,276.8,280.0,264.07,264.55
2015-01-04,264.0,289.39,255.0,280.0
2015-01-03,282.0,316.58,280.0,315.42
2015-01-02,315.42,317.01,311.96,313.82
2015-01-01,313.81,321.0,312.6,321.0
2014-12-31,321.0,321.0,310.69,311.1
2014-12-30,311.07,316.77,310.0,313.36
2014-12-29,313.01,320.14,310.26,317.64
2014-12-28,317.64,319.56,311.22,316.48
2014-12-27,316.47,329.31,311.63,329.31
2014-12-26,328.27,332.0,316.64,319.87
2014-12-25,319.86,323.72,316.63,323.03
2014-12-24,323.06,336.9,320.92,336.9
2014-12-23,336.92,338.99,327.49,332.52
2014-12-22,331.56,333.99,319.9,320.88
2014-12-21,320.01,332.31,318.78,331.77
2014-12-20,331.79,333.0,316.52,318.58
2014-12-19,318.33,320.0,307.11,312.65
2014-12-18,312.67,325.61,304.99,321.96
2014-12-17,322.0,335.99,315.23,329.05
2014-12-16,329.05,349.35,327.34,348.85
2014-12-15,349.0,357.3,346.21,357.3
2014-12-14,356.52,359.3,347.44,351.67
2014-12-13,351.67,354.41,347.03,353.33
2014-12-12,352.24,358.59,348.0,348.88
2014-12-11,348.9,364.43,339.8,345.22
2014-12-10,345.21,353.74,345.0,352.02
2014-12-09,352.03,364.59,343.97,362.74
2014-12-08,361.3,377.26,359.01,376.03
2014-12-07,377.26,377.5,373.16,375.05
2014-12-06,374.38,376.99,371.31,376.0
2014-12-05,376.0,377.89,365.61,369.89
2014-12-04,369.16,378.99,360.0,376.61
2014-12-03,375.33,383.0,374.01,379.52
2014-12-02,379.52,382.86,375.23,376.53
2014-12-01,376.53,382.31,373.03,376.09
2014-11-30,377.01,381.99,373.32,375.48
2014-11-29,375.49,386.6,372.25,376.0
2014-11-28,376.86,381.34,358.0,369.98
2014-11-27,369.98,375.33,366.37,368.5
2014-11-26,368.5,379.22,363.38,377.05
2014-11-25,377.37,395.11,374.31,375.99
2014-11-24,375.99,389.99,366.67,367.17
2014-11-23,367.17,373.5,353.01,354.29
2014-11-22,353.12,365.93,350.7,351.19
2014-11-21,351.2,358.49,342.05,356.47
2014-11-20,356.47,381.8,351.8,379.04
2014-11-19,379.03,386.39,371.7,374.87
2014-11-18,374.88,394.64,371.0,388.72
2014-11-17,387.69,415.0,375.0,389.86
2014-11-16,389.86,395.0,375.0,376.97
2014-11-15,376.99,407.22,369.0,399.97
2014-11-14,399.98,420.3,382.95,417.85
2014-11-13,420.93,453.92,381.55,426.64
2014-11-12,426.63,434.8,369.85,370.09
2014-11-11,370.65,371.52,360.28,366.43
2014-11-10,366.43,377.77,357.3,365.37
2014-11-09,364.77,366.35,343.4,346.19
2014-11-08,345.39,347.75,340.6,342.16
2014-11-07,342.16,352.15,340.4,349.99
2014-11-06,349.99,353.1,336.27,338.37
2014-11-05,338.38,344.17,328.8,329.96
2014-11-04,330.22,332.9,320.0,326.45
2014-11-03,325.5,333.99,322.74,324.23
2014-11-02,324.36,329.0,318.24,324.55
2014-11-01,324.7,339.47,316.61,337.99
2014-10-31,337.99,347.96,335.5,346.14
2014-10-30,346.14,352.83,332.99,336.37
2014-10-29,335.7,355.99,333.33,355.71
2014-10-28,356.96,359.5,350.09,351.03
2014-10-27,350.0,358.65,349.21,355.19
2014-10-26,355.18,363.0,344.5,348.69
2014-10-25,348.69,359.1,341.22,358.78
2014-10-24,358.86,363.71,344.34,356.81
2014-10-23,357.18,384.55,352.4,382.05
2014-10-22,382.04,388.87,380.0,385.79
2014-10-21,385.81,393.52,378.98,381.0
2014-10-20,381.21,390.65,376.2,389.06
2014-10-19,387.53,394.25,385.0,390.59
2014-10-18,390.58,397.29,377.0,383.2
2014-10-17,383.65,386.0,370.96,384.19
2014-10-16,383.95,399.0,370.1,394.52
2014-10-15,394.52,404.32,385.92,402.01
2014-10-14,403.38,417.99,390.48,392.99
2014-10-13,392.6,405.0,368.07,378.48
2014-10-12,378.11,383.6,354.71,362.77
2014-10-11,362.0,368.06,352.1,360.85
2014-10-10,360.89,380.08,351.1,364.01
2014-10-09,364.01,395.55,349.0,355.73
2014-10-08,355.73,359.0,326.93,334.8
2014-10-07,334.8,336.99,312.37,328.56
2014-10-06,328.59,347.0,295.89,322.82
2014-10-05,323.52,339.43,275.0,326.24
2014-10-04,326.21,365.07,322.04,358.71
2014-10-03,358.74,378.11,353.75,376.29
2014-10-02,374.68,385.82,372.0,384.85
2014-10-01,384.86,393.79,377.01,389.56
2014-09-30,391.09,397.75,371.8,374.17
2014-09-29,374.2,386.03,365.2,375.35
2014-09-28,375.35,403.99,368.9,399.16
2014-09-27,401.77,408.99,396.57,405.08
2014-09-26,403.57,414.35,396.53,410.0
2014-09-25,408.76,423.9,400.0,423.57
2014-09-24,423.68,441.78,418.83,440.85
2014-09-23,438.97,452.67,393.6,399.77
2014-09-22,400.07,409.38,396.3,400.77
2014-09-21,399.55,413.53,390.0,410.92
2014-09-20,408.76,431.11,390.0,395.86
2014-09-19,395.86,429.0,378.78,426.62
2014-09-18,425.0,452.99,407.94,452.99
2014-09-17,452.09,465.57,443.57,463.48
2014-09-16,462.04,473.69,462.0,469.47
2014-09-15,469.47,479.62,467.76,475.47
2014-09-14,475.49,481.58,473.59,477.99
2014-09-13,477.98,480.13,467.43,473.08
2014-09-12,474.62,478.0,462.0,477.43
2014-09-11,475.9,480.0,465.0,477.78
2014-09-10,476.57,492.0,473.32,473.34
2014-09-09,473.2,476.4,459.18,468.32
2014-09-08,468.33,478.39,456.3,477.4
2014-09-07,475.43,483.0,474.95,479.99
2014-09-06,479.78,485.0,477.16,477.65
2014-09-05,477.65,489.96,473.03,489.61
2014-09-04,487.43,497.0,471.04,474.86
2014-09-03,474.89,477.99,471.0,474.5
2014-09-02,474.5,484.61,470.42,475.89
2014-09-01,474.54,490.0,472.01,479.01
2014-08-31,479.04,504.75,473.33,501.49
2014-08-30,500.85,509.42,498.13,509.3
2014-08-29,509.3,514.98,501.25,506.94
2014-08-28,506.0,514.98,505.93,511.87
2014-08-27,511.87,523.09,510.0,514.4
2014-08-26,512.18,516.0,502.27,503.74
2014-08-25,503.82,508.46,496.79,507.84
2014-08-24,507.85,515.95,495.02,496.96
2014-08-23,497.0,514.69,487.0,514.65
2014-08-22,514.65,528.0,500.01,519.29
2014-08-21,519.28,534.14,510.0,516.39
2014-08-20,516.39,527.01,466.0,491.98
2014-08-19,491.98,493.98,453.01,474.74
2014-08-18,475.22,510.0,442.0,498.0
2014-08-17,496.86,524.8,485.39,523.47
2014-08-16,521.97,529.8,485.0,502.48
2014-08-15,500.25,521.79,481.55,507.99
2014-08-14,507.99,551.86,497.0,549.85
2014-08-13,548.81,572.0,524.55,569.39
2014-08-12,566.69,574.59,561.9,574.55
2014-08-11,573.98,590.99,571.0,590.98
2014-08-10,590.96,597.0,586.0,589.82
2014-08-09,587.97,591.35,585.21,588.99
2014-08-08,588.02,595.0,584.0,585.84
2014-08-07,585.84,591.9,579.0,581.16
2014-08-06,581.16,586.36,576.44,581.75
2014-08-05,581.76,589.0,578.25,588.5
2014-08-04,588.5,595.7,581.8,588.96
2014-08-03,588.91,591.0,578.21,589.6
2014-08-02,589.59,599.09,584.95,597.84
2014-08-01,598.2,607.2,581.77,583.54
2014-07-31,582.04,590.0,555.9,563.83
2014-07-30,563.84,586.0,557.12,585.93
2014-07-29,585.95,591.95,578.0,589.88
2014-07-28,586.53,596.0,570.5,592.61
2014-07-27,590.3,602.83,589.0,596.23
2014-07-26,596.23,603.0,590.0,602.93
2014-07-25,602.93,609.65,592.97,603.96
2014-07-24,601.66,621.99,591.12,620.95
2014-07-23,621.0,623.0,615.51,619.99
2014-07-22,618.26,624.99,618.26,622.63
2014-07-21,622.73,628.0,615.0,626.98
2014-07-20,627.0,630.0,620.0,630.0
2014-07-19,628.63,632.6,625.0,632.59
2014-07-18,632.6,632.96,618.46,626.3
2014-07-17,622.2,629.0,610.0,617.39
2014-07-16,616.86,625.0,610.01,622.9
2014-07-15,622.9,626.25,616.09,621.15
2014-07-14,621.17,632.0,616.84,630.88
2014-07-13,630.88,638.73,626.09,637.9
2014-07-12,638.1,642.57,628.7,634.99
2014-07-11,635.0,635.0,613.46,616.87
2014-07-10,616.87,623.93,607.9,621.96
2014-07-09,621.97,626.88,618.71,623.98
2014-07-08,623.98,626.22,616.89,622.09
2014-07-07,622.09,636.0,612.9,633.87
2014-07-06,630.57,639.0,622.86,630.9
2014-07-05,630.0,632.97,623.23,628.81
2014-07-04,629.0,650.48,616.3,648.48
2014-07-03,645.99,652.79,638.79,650.49
2014-07-02,650.5,658.75,638.0,638.25
2014-07-01,638.25,658.88,638.0,640.0
2014-06-30,641.11,647.09,595.51,599.86
2014-06-29,599.89,601.79,589.56,591.46
2014-06-28,589.56,604.21,589.56,599.99
2014-06-27,599.99,600.0,574.0,580.09
2014-06-26,579.99,580.11,557.2,560.4
2014-06-25,560.4,579.7,554.45,574.0
2014-06-24,572.62,588.25,572.1,588.22
2014-06-23,588.22,601.0,580.46,600.34
2014-06-22,600.34,605.05,587.82,591.33
2014-06-21,591.29,594.99,580.0,590.0
2014-06-20,588.02,598.68,580.51,593.41
2014-06-19,593.4,609.98,590.0,607.99
2014-06-18,607.0,616.0,599.9,606.48
2014-06-17,606.48,610.2,580.0,587.0
2014-06-16,586.91,610.0,582.01,592.0
2014-06-15,588.55,593.0,552.11,566.58
2014-06-14,566.58,593.53,538.38,592.0
2014-06-13,592.0,611.99,563.0,569.98
2014-06-12,569.1,630.36,550.0,623.81
2014-06-11,620.5,652.39,615.0,648.55
2014-06-10,648.55,657.41,642.45,648.83
2014-06-09,648.83,659.0,639.93,658.0
2014-06-08,658.0,661.11,651.7,657.13
2014-06-07,657.13,657.13,635.88,647.16
2014-06-06,647.16,662.13,647.16,661.46
2014-06-05,661.48,669.63,639.69,640.55
2014-06-04,640.59,673.61,621.86,668.9
2014-06-03,670.14,680.99,649.61,662.0
2014-06-02,661.22,678.0,613.03,630.99
2014-06-01,630.99,683.26,618.53,627.8
2014-05-31,627.8,628.5,611.0,621.0
2014-05-30,621.0,629.4,568.56,572.37
2014-05-29,572.37,582.1,560.05,580.66
2014-05-28,580.66,582.26,563.45,572.7
2014-05-27,572.7,595.0,550.22,581.87
2014-05-26,581.88,593.48,565.58,573.5
2014-05-25,573.9,586.34,527.09,528.44
2014-05-24,528.44,529.06,515.4,523.75
2014-05-23,523.77,547.1,518.55,529.99
2014-05-22,529.99,530.0,492.65,493.98
2014-05-21,493.98,499.1,487.11,489.0
2014-05-20,489.0,500.0,447.14,448.34
2014-05-19,448.34,450.0,441.44,446.91
2014-05-18,446.91,451.43,444.52,448.66
2014-05-17,449.06,451.48,445.01,447.55
2014-05-16,447.31,452.41,444.5,446.27
2014-05-15,446.0,452.67,444.02,444.07
2014-05-14,446.0,449.96,438.36,439.12
2014-05-13,439.12,442.75,430.61,442.48
2014-05-12,442.5,443.77,431.56,437.67
2014-05-11,440.0,458.2,429.6,457.7
2014-05-10,455.39,459.24,449.79,452.78
2014-05-09,452.37,457.08,437.71,439.6
2014-05-08,437.69,450.08,437.61,441.47
2014-05-07,440.0,452.0,425.67,429.0
2014-05-06,428.01,434.0,420.27,431.64
2014-05-05,433.0,445.0,425.0,435.88
2014-05-04,438.04,442.83,429.55,439.0
2014-05-03,439.0,454.5,431.0,452.0
2014-05-02,454.5,462.99,444.51,460.97
2014-05-01,460.97,465.88,447.97,449.0
2014-04-30,448.85,453.99,433.08,448.0
2014-04-29,448.0,454.47,432.02,440.41
2014-04-28,442.9,452.16,424.0,430.0
2014-04-27,430.0,461.97,429.95,459.22
2014-04-26,459.0,470.96,451.07,466.71
2014-04-25,466.52,503.99,438.05,502.15
2014-04-24,502.2,505.0,480.0,491.94
2014-04-23,492.0,495.2,484.61,490.0
2014-04-22,490.0,504.9,485.2,497.98
2014-04-21,496.74,515.0,490.0,501.07
2014-04-20,500.0,516.53,493.0,505.18
2014-04-19,503.8,507.43,472.81,482.1
2014-04-18,483.11,506.97,470.0,500.09
2014-04-17,500.09,533.8,481.63,529.26
2014-04-16,530.0,548.0,494.02,523.1
2014-04-15,521.0,528.75,453.16,459.99
2014-04-14,458.5,475.0,408.0,416.29
2014-04-13,416.3,427.75,397.16,424.91
2014-04-12,423.42,439.5,413.72,423.0
2014-04-11,423.0,432.22,339.79,363.1
2014-04-10,363.12,442.46,357.57,441.69
2014-04-09,441.69,457.3,438.08,453.57
2014-04-08,453.57,459.8,446.24,447.11
2014-04-07,447.11,464.19,446.0,460.67
2014-04-06,456.43,465.0,450.2,464.8
2014-04-05,464.8,464.8,441.25,449.74
2014-04-04,452.2,459.5,430.77,451.03
2014-04-03,450.86,465.0,416.11,438.9
2014-04-02,439.0,494.98,430.0,478.98
2014-04-01,478.98,509.98,452.04,454.81
2014-03-31,454.83,486.7,438.0,460.0
2014-03-30,460.0,492.0,436.0,491.99
2014-03-29,491.99,508.0,486.97,502.01
2014-03-28,502.01,532.0,468.3,475.0
2014-03-27,475.0,581.59,466.1,581.48
2014-03-26,581.49,592.0,565.0,583.77
2014-03-25,583.77,587.48,568.86,585.9
2014-03-24,585.99,592.6,547.0,558.22
2014-03-23,561.0,569.48,556.74,564.31
2014-03-22,565.31,571.99,541.0,569.99
2014-03-21,570.0,607.88,556.0,585.6
2014-03-20,587.98,611.3,578.66,610.01
2014-03-19,611.2,623.95,605.11,613.84
2014-03-18,612.26,624.17,591.13,622.97
2014-03-17,621.11,634.99,619.46,634.99
2014-03-16,634.99,639.39,629.02,637.58
2014-03-15,637.12,639.88,625.32,631.0
2014-03-14,630.42,645.0,625.29,641.02
2014-03-13,641.01,650.0,632.0,634.95
2014-03-12,634.95,656.95,628.8,631.72
2014-03-11,632.1,644.44,614.17,628.02
2014-03-10,629.39,646.59,609.0,638.4
2014-03-09,639.25,653.0,613.03,620.02
2014-03-08,620.0,639.79,604.5,632.79
2014-03-07,632.79,670.0,613.45,669.57
2014-03-06,669.57,675.71,650.0,669.0
2014-03-05,669.99,679.97,651.9,673.27
2014-03-04,673.0,702.24,633.64,677.69
2014-03-03,677.69,710.0,562.02,565.38
2014-03-02,566.24,570.99,553.0,567.46
2014-03-01,567.47,576.0,535.0,551.8
2014-02-28,551.89,591.39,541.0,584.7
2014-02-27,583.0,599.99,571.22,585.24
2014-02-26,585.24,610.0,530.0,534.34
2014-02-25,535.0,545.8,400.0,535.49
2014-02-24,535.49,629.0,514.02,609.26
2014-02-23,610.09,646.0,599.78,610.77
2014-02-22,610.88,619.88,562.15,583.0
2014-02-21,581.35,589.0,530.01,561.86
2014-02-20,561.86,631.0,560.9,623.0
2014-02-19,623.01,636.0,617.0,627.7
2014-02-18,627.7,650.0,609.99,633.66
2014-02-17,633.19,664.99,610.0,621.0
2014-02-16,621.0,670.0,590.01,655.83
2014-02-15,655.83,673.17,628.88,670.34
2014-02-14,669.0,712.9,538.01,609.4
2014-02-13,604.11,660.0,601.54,650.04
2014-02-12,651.99,685.19,631.58,677.0
2014-02-11,675.1,720.0,631.0,688.34
2014-02-10,687.81,713.0,530.0,688.0
2014-02-09,687.37,755.42,666.21,680.49
2014-02-08,680.49,723.0,662.01,705.01
2014-02-07,705.01,766.45,619.0,764.0
2014-02-06,763.99,803.0,752.0,780.01
2014-02-05,782.33,810.0,775.0,803.0
2014-02-04,802.87,812.98,796.83,806.99
2014-02-03,808.5,815.0,800.5,814.94
2014-02-02,814.99,825.21,810.23,813.23
2014-02-01,813.23,827.38,802.59,803.0
2014-01-31,803.0,809.98,791.0,799.99
2014-01-30,799.99,812.44,770.7,794.26
2014-01-29,794.21,804.95,781.99,785.51
2014-01-28,788.0,812.93,740.01,750.95
2014-01-27,751.95,823.0,725.0,814.67
2014-01-26,814.75,834.0,795.01,806.81
2014-01-25,806.8,817.0,773.4,780.0
2014-01-24,780.0,811.74,767.02,810.95
2014-01-23,811.22,823.28,801.1,819.2
2014-01-22,819.2,824.99,801.0,824.88
2014-01-21,824.89,834.5,814.0,827.21
2014-01-20,826.02,845.0,815.0,841.5
2014-01-19,842.07,842.07,791.01,811.22
2014-01-18,810.0,817.12,796.0,797.2
2014-01-17,797.2,821.0,765.0,814.4
2014-01-16,814.4,849.0,810.01,841.14
2014-01-15,841.14,850.26,805.18,815.99
2014-01-14,815.99,837.0,800.0,823.99
2014-01-13,823.0,844.05,783.11,844.04
2014-01-12,844.05,905.0,826.46,895.0
2014-01-11,896.39,909.96,849.51,851.63
2014-01-10,852.61,861.4,799.41,825.5
2014-01-09,824.76,848.0,779.78,823.94
2014-01-08,823.45,849.79,765.0,785.0
2014-01-07,785.0,943.0,785.0,915.8
2014-01-06,919.24,995.0,876.0,905.0
2014-01-05,905.0,948.0,826.07,828.79
2014-01-04,828.79,830.0,790.2,808.24
2014-01-03,809.4,818.99,767.62,784.19
2014-01-02,784.19,798.7,742.5,750.76
2014-01-01,754.9,757.99,729.01,732.0
2013-12-31,732.0,739.0,709.0,736.51
2013-12-30,736.51,740.0,722.81,728.01
2013-12-29,728.0,732.0,703.45,715.0
2013-12-28,715.0,736.01,682.22,723.98
2013-12-27,721.08,762.1,702.26,747.83
2013-12-26,747.0,764.32,677.57,679.01
2013-12-25,679.01,681.24,636.99,653.57
2013-12-24,653.25,668.8,628.11,654.76
2013-12-23,654.76,665.0,607.77,612.66
2013-12-22,612.66,690.0,575.61,595.04
2013-12-21,595.03,648.88,550.0,610.0
2013-12-20,610.0,719.97,570.0,685.1
2013-12-19,685.0,700.0,492.91,520.0
2013-12-18,519.86,680.7,382.21,675.0
2013-12-17,673.62,750.0,612.51,690.5
2013-12-16,691.0,864.0,651.34,861.98
2013-12-15,862.0,869.98,803.51,850.78
2013-12-14,850.78,895.0,841.01,888.47
2013-12-13,885.98,920.42,850.0,871.22
2013-12-12,871.22,898.9,832.01,879.04
2013-12-11,879.04,988.0,804.0,979.07
2013-12-10,979.23,989.6,895.01,899.91
2013-12-09,899.9,899.99,766.66,787.0
2013-12-08,787.0,797.0,651.0,693.3
2013-12-07,693.3,844.0,542.38,809.72
2013-12-06,814.91,1033.13,796.73,1020.51
2013-12-05,1023.87,1138.58,848.42,1135.0
2013-12-04,1132.01,1153.27,1052.1,1055.0
2013-12-03,1055.0,1088.0,1000.0,1037.11
2013-12-02,1047.0,1057.0,925.16,955.0
2013-12-01,955.0,1123.11,795.6,1119.52
2013-11-30,1119.52,1163.0,1080.0,1131.99
2013-11-29,1131.99,1141.0,988.22,1012.0
2013-11-28,1012.98,1050.18,931.0,963.98
2013-11-27,963.98,969.0,879.99,915.01
2013-11-26,916.3,919.0,801.0,811.95
2013-11-25,817.88,838.2,770.1,800.01
2013-11-24,800.05,842.78,747.0,829.15
2013-11-23,829.15,874.81,785.0,794.0
2013-11-22,795.0,799.8,683.2,720.0
2013-11-21,720.0,730.0,580.37,600.0
2013-11-20,599.99,619.0,440.0,536.01
2013-11-19,536.01,755.0,378.0,669.0
2013-11-18,669.01,669.55,471.23,478.1
2013-11-17,477.38,480.0,434.53,434.53
2013-11-16,435.12,447.47,406.92,412.07
2013-11-15,412.0,431.36,390.0,416.88
2013-11-14,416.95,421.97,381.0,393.5
2013-11-13,393.5,399.89,354.94,354.94
2013-11-12,354.95,357.0,340.01,343.63
2013-11-11,343.91,349.9,310.1,323.0
2013-11-10,323.0,341.24,265.01,341.24
2013-11-09,341.24,363.65,298.95,333.9
2013-11-08,334.0,334.45,288.81,291.0
2013-11-07,291.0,297.8,263.24,263.24
2013-11-06,263.24,265.0,241.11,242.9
2013-11-05,242.9,250.79,226.0,227.29
2013-11-04,226.83,230.4,207.22,210.0
2013-11-03,210.0,210.0,203.51,204.86
2013-11-02,204.86,205.15,201.2,202.14
2013-11-01,202.15,203.54,200.23,203.54
2013-10-31,203.54,203.75,195.1,197.58
2013-10-30,197.56,206.0,195.0,204.0
2013-10-29,204.69,205.0,195.32,196.62
2013-10-28,196.62,197.5,190.8,194.99
2013-10-27,194.0,195.0,179.5,180.39
2013-10-26,179.56,190.0,177.0,187.5
2013-10-25,186.6,194.0,167.67,194.0
2013-10-24,193.87,206.6,156.2,203.94
2013-10-23,203.96,203.96,185.0,189.74
2013-10-22,189.75,196.27,179.0,180.15
2013-10-21,180.13,181.93,166.05,166.6
2013-10-20,166.59,166.6,162.54,166.0
2013-10-19,166.0,172.0,152.44,152.89
2013-10-18,152.89,154.69,143.23,143.94
2013-10-17,143.94,145.0,135.0,137.54
2013-10-16,137.56,147.0,137.38,142.75
2013-10-15,142.76,147.39,134.09,135.43
2013-10-14,135.42,138.22,132.0,132.83
2013-10-13,132.82,133.0,127.57,127.58
2013-10-12,127.98,128.0,126.01,127.38
2013-10-11,127.38,127.42,125.93,126.8
2013-10-10,126.8,126.8,124.9,125.79
2013-10-09,125.9,127.99,122.3,124.5
2013-10-08,124.13,125.17,122.17,123.5
2013-10-07,123.5,124.49,120.11,122.49
2013-10-06,122.49,122.49,121.13,121.25
2013-10-05,121.2,122.29,121.11,121.94
2013-10-04,121.94,122.98,116.48,117.62
2013-10-03,117.61,118.79,102.0,103.85
2013-10-02,103.85,127.8,85.0,127.31
2013-10-01,127.33,127.93,125.54,126.25
2013-09-30,126.25,127.53,122.77,127.0
2013-09-29,127.01,128.8,126.08,126.5
2013-09-28,126.54,127.0,124.01,126.95
2013-09-27,126.95,126.96,124.35,124.85
2013-09-26,124.84,124.9,123.0,123.33
2013-09-25,123.25,125.0,123.23,123.75
2013-09-24,123.86,124.01,121.77,122.82
2013-09-23,122.63,123.99,121.54,123.27
2013-09-22,123.23,123.5,122.35,123.38
2013-09-21,123.39,124.1,121.7,122.91
2013-09-20,122.91,126.02,121.16,124.15
2013-09-19,124.18,127.95,123.02,127.0
2013-09-18,127.0,128.0,124.2,126.92
2013-09-17,126.92,127.69,125.47,126.28
2013-09-16,126.27,126.71,124.03,125.36
2013-09-15,125.36,126.25,123.0,124.49
2013-09-14,124.49,128.0,123.05,127.71
2013-09-13,127.71,128.79,125.05,126.38
2013-09-12,126.38,128.5,123.1,127.54
2013-09-11,127.55,127.72,118.0,122.08
2013-09-10,122.07,124.26,120.8,121.68
2013-09-09,121.68,124.13,115.0,118.38
2013-09-08,118.34,120.94,116.0,119.91
2013-09-07,119.93,122.16,115.5,116.55
2013-09-06,116.82,124.54,115.21,122.0
2013-09-05,122.5,127.5,116.07,121.65
2013-09-04,122.7,129.94,115.21,129.2
2013-09-03,129.18,131.0,127.0,129.4
2013-09-02,130.03,132.0,128.52,130.65
2013-09-01,130.66,132.09,126.79,127.9
2013-08-31,128.0,134.95,124.8,124.86
2013-08-30,124.86,126.14,118.04,118.91
2013-08-29,118.51,120.0,117.0,117.91
2013-08-28,117.91,119.63,117.04,117.74
2013-08-27,117.75,118.93,111.76,111.85
2013-08-26,111.88,113.3,110.27,113.12
2013-08-25,113.11,113.28,109.15,109.15
2013-08-24,109.15,110.33,106.64,107.91
2013-08-23,107.65,109.9,104.2,109.12
2013-08-22,109.12,113.02,107.98,111.52
2013-08-21,110.43,114.0,104.56,104.87
2013-08-20,104.87,104.88,100.38,102.85
2013-08-19,102.85,105.16,99.0,99.32
2013-08-18,99.3,99.99,98.41,99.71
2013-08-17,99.71,99.82,97.48,98.26
2013-08-16,98.25,99.0,96.5,98.09
2013-08-15,98.1,100.01,96.68,99.19
2013-08-14,99.19,101.0,97.03,97.74
2013-08-13,98.15,98.19,94.24,95.37
2013-08-12,95.36,96.18,93.31,94.0
2013-08-11,94.09,94.58,93.12,93.51
2013-08-10,93.51,94.25,92.14,92.76
2013-08-09,92.28,95.75,90.0,94.26
2013-08-08,94.27,97.14,91.11,97.09
2013-08-07,97.09,98.32,95.5,97.74
2013-08-06,97.69,98.98,97.07,97.88
2013-08-05,97.81,98.92,96.0,96.38
2013-08-04,96.38,96.61,95.5,95.54
2013-08-03,95.55,97.0,93.98,95.82
2013-08-02,95.85,98.71,93.03,96.63
2013-08-01,96.62,98.44,95.15,97.77
2013-07-31,98.28,101.0,95.0,96.98
2013-07-30,96.57,97.0,92.7,93.45
2013-07-29,93.39,93.5,90.54,92.79
2013-07-28,92.71,94.01,87.9,88.16
2013-07-27,88.16,90.16,87.8,89.97
2013-07-26,89.96,91.77,88.56,90.1
2013-07-25,90.16,90.66,87.08,88.42
2013-07-24,88.42,88.48,85.73,86.88
2013-07-23,86.98,88.88,82.0,85.59
2013-07-22,85.6,87.08,83.0,85.76
2013-07-21,85.81,86.99,84.25,85.02
2013-07-20,85.04,87.07,84.27,86.51
2013-07-19,86.51,88.0,83.21,85.0
2013-07-18,85.28,91.0,77.0,90.96
2013-07-17,90.97,92.37,89.0,91.61
2013-07-16,91.56,93.9,89.09,93.76
2013-07-15,93.78,95.0,88.11,90.02
2013-07-14,90.03,93.0,88.87,91.67
2013-07-13,91.67,92.04,87.15,90.19
2013-07-12,90.17,100.0,86.6,87.81
2013-07-11,87.14,89.96,83.85,86.13
2013-07-10,86.19,86.64,74.81,75.0
2013-07-09,75.01,76.01,70.25,74.0
2013-07-08,74.4,76.94,70.1,73.97
2013-07-07,73.96,73.96,64.5,66.34
2013-07-06,66.34,72.88,63.0,67.13
2013-07-05,66.93,79.4,63.26,79.4
2013-07-04,79.4,83.9,70.06,77.33
2013-07-03,77.01,89.56,75.11,88.04
2013-07-02,88.02,88.5,81.9,83.41
2013-07-01,84.5,90.16,80.94,89.4
2013-06-30,89.53,90.3,88.01,88.83
2013-06-29,88.98,91.61,86.2,89.2
2013-06-28,89.96,97.45,88.01,96.98
2013-06-27,96.32,98.76,96.0,98.75
2013-06-26,98.77,99.98,96.13,97.57
2013-06-25,97.58,101.0,97.47,98.83
2013-06-24,99.2,102.3,95.0,100.4
2013-06-23,100.41,101.45,98.5,100.0
2013-06-22,100.0,103.0,98.55,101.29
2013-06-21,101.8,104.86,90.0,103.0
2013-06-20,102.61,108.0,102.47,105.24
2013-06-19,105.24,107.5,102.0,104.49
2013-06-18,104.5,108.18,99.99,100.39
2013-06-17,100.0,101.47,98.29,98.74
2013-06-16,99.37,101.11,98.0,99.42
2013-06-15,99.42,105.0,96.22,99.01
2013-06-14,99.02,102.95,95.0,101.86
2013-06-13,102.0,108.43,95.0,106.1
2013-06-12,106.55,111.18,105.01,107.35
2013-06-11,107.36,108.0,102.97,104.21
2013-06-10,104.22,107.9,93.1,100.17
2013-06-09,100.17,110.0,90.0,109.11
2013-06-08,109.11,112.46,108.44,110.17
2013-06-07,110.18,119.16,107.0,118.78
2013-06-06,118.78,121.33,118.43,120.98
2013-06-05,121.19,122.74,119.65,120.58
2013-06-04,120.57,123.66,116.32,123.22
2013-06-03,123.22,125.01,117.0,123.35
2013-06-02,123.0,128.8,117.02,128.77
2013-06-01,128.77,128.86,127.09,127.76
2013-05-31,127.91,129.87,125.06,126.78
2013-05-30,126.81,131.0,124.9,130.01
2013-05-29,130.35,130.4,125.53,125.99
2013-05-28,125.92,127.11,123.0,126.2
2013-05-27,126.25,130.6,120.33,130.27
2013-05-26,129.5,130.29,127.97,128.98
2013-05-25,128.97,129.73,126.03,128.7
2013-05-24,128.7,129.94,122.52,123.84
2013-05-23,123.84,123.9,118.36,118.45
2013-05-22,119.11,119.48,117.0,117.25
2013-05-21,117.5,118.56,116.9,117.81
2013-05-20,116.55,118.94,114.03,117.27
2013-05-19,116.38,118.98,114.1,118.49
2013-05-18,118.49,118.55,115.99,117.51
2013-05-17,116.73,118.16,112.82,113.36
2013-05-16,113.35,113.35,108.35,108.96
2013-05-15,108.95,113.0,101.72,107.0
2013-05-14,107.0,117.9,103.5,115.98
2013-05-13,115.99,117.48,113.55,115.05
2013-05-12,114.5,117.86,113.0,115.58
2013-05-11,115.04,118.5,112.95,117.9
2013-05-10,117.9,119.98,109.2,111.96
2013-05-09,111.96,113.95,109.0,113.16
2013-05-08,113.16,116.29,109.41,110.92
2013-05-07,110.0,112.95,98.77,112.67
2013-05-06,112.71,123.97,105.0,116.9
2013-05-05,116.57,118.76,106.5,112.89
2013-05-04,112.62,115.64,94.0,98.08
2013-05-03,98.08,108.0,81.5,107.02
2013-05-02,106.81,127.24,93.01,116.75
2013-05-01,116.75,140.3,104.9,139.87
2013-04-30,139.88,144.99,133.89,143.32
2013-04-29,143.31,151.65,123.96,135.31
2013-04-28,135.28,148.18,121.57,128.8
2013-04-27,128.8,148.61,125.76,137.3
2013-04-26,137.3,142.53,126.68,141.9
2013-04-25,141.9,170.28,123.2,150.0
2013-04-24,149.0,161.0,134.98,137.3
2013-04-23,137.29,138.87,121.12,123.73
2013-04-22,123.74,125.01,116.0,118.91
2013-04-21,118.81,129.0,101.0,126.55
2013-04-20,126.55,129.79,114.27,118.11
2013-04-19,117.71,140.2,100.0,109.3
2013-04-18,109.3,111.23,78.92,89.98
2013-04-17,89.98,101.12,60.0,67.85
2013-04-16,68.09,82.0,49.8,73.99
2013-04-15,74.0,99.8,60.0,91.79
2013-04-14,91.11,99.99,81.94,90.44
2013-04-13,91.64,119.0,85.0,109.9
2013-04-12,109.99,112.0,45.0,81.02
2013-04-11,83.4,179.0,50.0,162.0
2013-04-10,162.0,259.34,70.0,228.94
2013-04-09,229.0,235.29,164.34,185.6
2013-04-08,185.6,198.0,162.0,164.97
2013-04-07,164.97,165.1,140.65,141.0
2013-04-06,141.0,150.03,138.5,141.8
2013-04-05,141.8,200.0,127.09,134.67
2013-04-04,135.0,150.0,119.0,133.87
2013-04-03,133.78,158.41,110.0,116.0
2013-04-02,116.0,116.0,100.1,103.73
2013-04-01,104.7,106.5,93.7,95.5
2013-03-31,96.15,96.15,92.12,92.12
2013-03-30,92.11,95.0,89.31,90.49
2013-03-29,90.0,94.0,84.0,88.96
2013-03-28,88.52,97.0,80.0,89.4
2013-03-27,89.3,89.99,78.75,79.81
2013-03-26,79.81,100.0,74.3,74.3
2013-03-25,75.11,80.0,69.25,70.22
2013-03-24,70.22,71.0,63.36,64.37
2013-03-23,63.9,72.0,50.09,68.81
2013-03-22,69.9,74.47,65.0,70.87
2013-03-21,72.23,76.91,64.61,65.13
2013-03-20,64.2,67.99,58.86,59.46
2013-03-19,59.41,60.0,48.0,49.87
2013-03-18,50.35,51.1,46.98,47.24
2013-03-17,47.24,47.24,46.7,46.7
2013-03-16,46.74,47.0,46.58,46.93
2013-03-15,46.9,47.29,46.9,46.95
2013-03-14,46.95,47.97,46.8,46.99
2013-03-13,46.99,47.09,44.2,44.29
2013-03-12,44.84,48.25,36.0,48.15
2013-03-11,48.25,48.38,45.6,45.97
2013-03-10,45.29,47.0,45.0,45.76
2013-03-09,46.0,46.0,42.0,43.77
2013-03-08,43.76,44.37,40.56,41.68
2013-03-07,41.68,46.0,33.0,42.31
2013-03-06,42.32,49.17,40.66,40.66
2013-03-05,40.75,41.0,36.53,36.56
2013-03-04,36.52,37.0,34.24,34.33
2013-03-03,34.33,34.34,33.91,34.29
2013-03-02,34.16,34.77,33.6,34.55
2013-03-01,34.55,34.75,33.25,33.53
2013-02-28,33.53,34.42,31.31,31.31
2013-02-27,31.31,31.77,30.45,30.86
2013-02-26,31.1,32.0,29.85,30.43
2013-02-25,30.43,30.49,29.78,29.79
2013-02-24,29.78,30.37,29.08,29.55
2013-02-23,29.54,30.44,27.67,30.37
2013-02-22,30.4,31.49,29.9,29.96
2013-02-21,30.0,30.14,29.6,30.0
2013-02-20,30.0,30.07,29.21,29.39
2013-02-19,29.39,29.5,26.7,26.92
2013-02-18,26.92,27.0,26.29,26.81
2013-02-17,26.98,27.5,25.25,27.36
2013-02-16,27.5,27.58,26.71,27.43
2013-02-15,27.0,27.56,26.72,27.41
2013-02-14,27.4,27.5,22.42,25.0
2013-02-13,25.0,25.97,25.0,25.33
2013-02-12,25.47,25.85,23.87,23.94
2013-02-11,23.94,23.94,23.16,23.74
2013-02-10,23.7,23.8,22.85,23.46
2013-02-09,23.14,23.5,22.24,22.4
2013-02-08,22.45,22.63,21.81,21.95
2013-02-07,21.71,21.96,20.9,20.91
2013-02-06,20.91,20.99,20.33,20.56
2013-02-05,20.5,20.69,20.08,20.3
2013-02-04,20.3,20.7,19.9,20.55
2013-02-03,20.29,20.59,19.57,19.76
2013-02-02,19.82,20.53,19.5,20.35
2013-02-01,20.35,20.9,20.04,20.3
2013-01-31,20.46,21.0,19.27,19.45
2013-01-30,19.45,19.47,18.85,19.46
2013-01-29,19.35,19.85,18.53,18.6
2013-01-28,18.67,18.74,17.48,17.6
2013-01-27,17.6,17.6,17.08,17.49
2013-01-26,17.49,17.49,16.67,17.3
2013-01-25,17.49,17.72,16.12,17.15
2013-01-24,17.29,19.2,16.0,17.5
2013-01-23,17.5,17.6,16.86,17.5
2013-01-22,17.35,17.6,16.45,16.53
2013-01-21,16.52,16.98,15.45,15.62
2013-01-20,15.5,15.69,15.38,15.48
2013-01-19,15.38,15.65,15.32,15.52
2013-01-18,15.57,15.7,15.17,15.34
2013-01-17,15.36,15.47,14.45,14.53
2013-01-16,14.53,14.65,14.01,14.15
2013-01-15,14.2,14.32,13.88,14.1
2013-01-14,14.1,14.1,13.5,13.65
2013-01-13,13.64,14.03,13.54,13.94
2013-01-12,13.89,14.07,13.84,14.02
2013-01-11,14.0,14.1,13.85,14.0
2013-01-10,14.0,14.19,13.5,13.67
2013-01-09,13.58,13.65,13.18,13.51
2013-01-08,13.5,13.5,13.05,13.2
2013-01-07,13.2,13.2,13.04,13.1
2013-01-06,13.15,13.15,13.06,13.11
2013-01-05,13.15,13.19,13.03,13.19
2013-01-04,13.19,13.24,12.84,13.12
2013-01-03,13.19,13.26,12.96,13.09
2013-01-02,13.09,13.19,12.98,13.12
2013-01-01,13.22,13.24,12.77,13.24
2012-12-31,13.24,13.29,13.05,13.2
2012-12-30,13.2,13.29,13.1,13.13
2012-12-29,13.22,13.28,13.11,13.18
2012-12-28,13.18,13.29,13.01,13.19
2012-12-27,13.2,13.25,12.91,13.18
2012-12-26,13.18,13.19,13.01,13.09
2012-12-25,13.24,13.25,13.09,13.23
2012-12-24,13.23,13.24,13.01,13.11
2012-12-23,13.14,13.29,13.04,13.2
2012-12-22,13.2,13.37,13.11,13.28
2012-12-21,13.2,13.41,13.2,13.38
2012-12-20,13.35,13.44,13.14,13.27
2012-12-19,13.4,13.4,13.0,13.13
2012-12-18,13.13,13.62,12.75,13.3
2012-12-17,13.2,13.29,12.85,13.28
2012-12-16,13.27,13.44,13.27,13.38
2012-12-15,13.38,13.57,13.28,13.51
2012-12-14,13.51,13.94,13.38,13.51
2012-12-13,13.52,13.52,13.05,13.49
2012-12-12,13.49,13.49,13.23,13.39
2012-12-11,13.35,13.41,13.13,13.13
2012-12-10,13.3,13.4,13.03,13.3
2012-12-09,13.29,13.36,13.1,13.35
2012-12-08,13.36,13.37,13.3,13.3
2012-12-07,13.37,13.48,13.11,13.34
2012-12-06,13.45,13.59,13.02,13.2
2012-12-05,13.2,13.43,12.63,12.86
2012-12-04,12.59,13.01,12.42,12.5
2012-12-03,12.6,12.6,12.32,12.46
2012-12-02,12.42,12.46,12.24,12.44
2012-12-01,12.34,12.46,12.31,12.39
2012-11-30,12.43,12.45,12.2,12.35
2012-11-29,12.37,12.41,12.1,12.22
2012-11-28,12.22,12.74,11.93,12.01
2012-11-27,12.07,12.23,11.75,12.2
2012-11-26,12.2,12.4,12.11,12.32
2012-11-25,12.31,12.35,12.2,12.29
2012-11-24,12.25,12.29,12.06,12.16
2012-11-23,12.16,12.16,11.66,11.86
2012-11-22,11.88,12.12,11.55,11.67
2012-11-21,11.67,11.67,11.34,11.64
2012-11-20,11.65,11.69,11.44,11.6
2012-11-19,11.65,11.65,11.03,11.51
2012-11-18,11.51,11.65,11.32,11.56
2012-11-17,11.57,11.65,11.45,11.48
2012-11-16,11.46,11.6,10.96,11.05
2012-11-15,11.05,11.05,10.81,10.98
2012-11-14,10.97,10.98,10.74,10.87
2012-11-13,10.87,10.99,10.76,10.92
2012-11-12,10.87,10.92,10.72,10.78
2012-11-11,10.82,10.85,10.64,10.82
2012-11-10,10.81,10.87,10.63,10.8
2012-11-09,10.8,10.84,10.61,10.69
2012-11-08,10.81,10.83,10.25,10.65
2012-11-07,10.8,10.84,10.45,10.68
2012-11-06,10.74,10.8,10.51,10.78
2012-11-05,10.78,10.8,10.5,10.63
2012-11-04,10.64,10.68,10.4,10.67
2012-11-03,10.66,10.69,10.41,10.54
2012-11-02,10.67,10.96,10.45,10.85
2012-11-01,10.85,11.05,10.63,11.0
2012-10-31,11.0,11.0,10.66,10.79
2012-10-30,10.8,10.81,10.43,10.8
2012-10-29,10.8,10.8,10.32,10.67
2012-10-28,10.54,10.75,10.3,10.35
2012-10-27,10.43,10.75,9.5,10.0
2012-10-26,10.0,10.84,9.68,10.46
2012-10-25,10.55,11.39,10.4,11.39
2012-10-24,11.4,11.62,11.01,11.38
2012-10-23,11.58,11.7,11.25,11.5
2012-10-22,11.49,11.57,11.27,11.54
2012-10-21,11.32,11.68,11.29,11.6
2012-10-20,11.6,11.7,11.53,11.65
2012-10-19,11.67,11.84,11.5,11.75
2012-10-18,11.8,11.9,11.55,11.9
2012-10-17,11.88,11.97,11.15,11.79
2012-10-16,11.92,11.94,11.17,11.8
2012-10-15,11.66,11.84,11.03,11.78
2012-10-14,11.79,11.9,11.79,11.85
2012-10-13,11.85,12.0,11.81,11.9
2012-10-12,11.9,12.1,11.81,11.95
2012-10-11,12.09,12.13,11.58,12.1
2012-10-10,12.24,12.25,11.79,11.85
2012-10-09,11.99,12.26,11.52,11.62
2012-10-08,11.62,11.99,10.42,11.7
2012-10-07,11.71,12.45,11.52,12.39
2012-10-06,12.39,12.6,12.06,12.51
2012-10-05,12.5,12.7,11.5,12.61
2012-10-04,12.57,12.9,12.51,12.9
2012-10-03,12.9,12.99,12.45,12.63
2012-10-02,12.64,12.7,12.14,12.2
2012-10-01,12.14,12.27,11.6,12.21
2012-09-30,12.22,12.28,12.17,12.2
2012-09-29,12.28,12.28,12.12,12.28
2012-09-28,12.28,12.28,11.53,12.21
2012-09-27,12.22,12.38,11.84,12.2
2012-09-26,12.2,12.2,11.53,11.8
2012-09-25,11.75,12.18,11.56,11.9
2012-09-24,11.9,11.99,11.69,11.99
2012-09-23,11.99,12.11,11.79,12.11
2012-09-22,11.97,12.25,11.97,12.14
2012-09-21,12.19,12.35,12.01,12.29
2012-09-20,12.28,12.66,12.28,12.44
2012-09-19,12.32,12.5,11.9,11.9
2012-09-18,11.91,12.28,11.67,11.85
2012-09-17,11.85,11.88,11.58,11.75
2012-09-16,11.75,11.8,11.53,11.63
2012-09-15,11.63,11.65,11.35,11.6
2012-09-14,11.5,11.7,11.05,11.26
2012-09-13,11.3,11.42,10.98,11.17
2012-09-12,11.14,11.14,10.75,11.04
2012-09-11,11.04,11.04,10.38,10.95
2012-09-10,10.95,11.08,10.74,10.85
2012-09-09,10.98,11.04,10.84,10.97
2012-09-08,10.97,11.11,10.3,10.98
2012-09-07,11.03,11.1,10.83,11.03
2012-09-06,11.02,11.15,10.68,10.9
2012-09-05,10.99,10.99,10.12,10.38
2012-09-04,10.36,10.5,10.14,10.36
2012-09-03,10.55,10.55,9.95,10.17
2012-09-02,10.18,10.18,9.49,10.07
2012-09-01,9.91,10.2,9.85,10.2
2012-08-31,10.16,10.8,9.69,10.65
2012-08-30,10.65,10.91,10.51,10.81
2012-08-29,10.78,11.05,10.49,11.0
2012-08-28,11.0,11.21,10.63,10.9
2012-08-27,10.78,11.93,10.31,10.31
2012-08-26,10.31,10.62,10.2,10.57
2012-08-25,10.57,10.58,10.14,10.45
2012-08-24,10.37,10.51,9.83,10.03
2012-08-23,10.02,10.19,9.78,9.96
2012-08-22,9.96,10.71,9.75,9.99
2012-08-21,10.18,10.51,9.53,9.79
2012-08-20,10.05,10.33,7.86,8.09
2012-08-19,8.06,11.86,7.1,11.86
2012-08-18,11.54,12.99,11.11,12.64
2012-08-17,12.5,16.41,11.5,13.49
2012-08-16,13.42,13.5,12.75,13.14
2012-08-15,13.01,13.2,12.13,12.13
2012-08-14,12.25,12.3,11.81,11.9
2012-08-13,11.89,11.98,11.4,11.42
2012-08-12,11.49,11.69,11.34,11.4
2012-08-11,11.38,11.4,11.25,11.32
2012-08-10,11.32,11.5,10.9,11.0
2012-08-09,11.0,12.49,10.79,11.0
2012-08-08,10.99,11.04,10.7,10.75
2012-08-07,10.75,10.87,10.72,10.86
2012-08-06,10.84,10.99,10.43,10.71
2012-08-05,10.71,10.93,10.29,10.93
2012-08-04,10.51,11.2,10.5,10.96
2012-08-03,10.79,12.0,10.1,10.4
2012-08-02,10.44,10.52,9.4,9.45
2012-08-01,9.45,9.5,8.9,9.28
2012-07-31,9.28,9.28,8.92,9.0
2012-07-30,9.0,9.0,8.54,8.7
2012-07-29,8.71,8.79,8.7,8.79
2012-07-28,8.88,9.0,8.78,8.83
2012-07-27,8.83,8.91,8.76,8.76
2012-07-26,8.75,8.83,8.45,8.64
2012-07-25,8.64,8.64,8.24,8.59
2012-07-24,8.61,8.8,8.25,8.59
2012-07-23,8.59,8.88,8.1,8.42
2012-07-22,8.42,8.8,8.3,8.74
2012-07-21,8.74,8.91,8.2,8.52
2012-07-20,8.44,8.76,7.93,8.76
2012-07-19,8.76,9.2,8.76,9.06
2012-07-18,9.0,9.15,8.36,8.5
2012-07-17,8.55,8.8,7.7,8.3
2012-07-16,8.3,8.3,7.14,7.57
2012-07-15,7.57,7.57,7.4,7.55
2012-07-14,7.55,7.58,7.44,7.58
2012-07-13,7.59,7.69,7.46,7.6
2012-07-12,7.59,7.59,7.1,7.15
2012-07-11,7.14,7.15,7.04,7.08
2012-07-10,7.08,7.13,6.95,6.95
2012-07-09,6.94,6.99,6.55,6.77
2012-07-08,6.73,6.8,6.45,6.8
2012-07-07,6.79,6.79,6.56,6.6
2012-07-06,6.59,6.6,6.39,6.59
2012-07-05,6.6,6.66,6.52,6.52
2012-07-04,6.44,6.55,6.36,6.44
2012-07-03,6.44,6.66,6.4,6.61
2012-07-02,6.61,6.64,6.52,6.55
2012-07-01,6.52,6.62,6.52,6.6
2012-06-30,6.61,6.61,6.5,6.58
2012-06-29,6.52,6.63,6.49,6.5
2012-06-28,6.5,6.54,5.99,6.49
2012-06-27,6.49,6.68,6.34,6.41
2012-06-26,6.41,6.46,6.17,6.26
2012-06-25,6.26,6.35,6.11,6.35
2012-06-24,6.4,6.45,6.35,6.35
2012-06-23,6.45,6.61,6.33,6.6
2012-06-22,6.59,6.67,6.48,6.64
2012-06-21,6.64,6.69,6.64,6.66
2012-06-20,6.64,6.65,6.26,6.4
2012-06-19,6.46,6.49,6.13,6.13
2012-06-18,6.06,6.34,5.98,6.13
2012-06-17,6.19,6.47,6.13,6.41
2012-06-16,6.41,6.52,6.12,6.41
2012-06-15,6.42,6.42,5.56,5.88
2012-06-14,5.9,5.91,5.79,5.86
2012-06-13,5.86,6.0,5.71,5.77
2012-06-12,5.71,5.9,5.53,5.57
2012-06-11,5.52,5.57,5.4,5.48
2012-06-10,5.42,5.54,5.42,5.54
2012-06-09,5.48,5.62,5.47,5.6
2012-06-08,5.61,5.63,5.46,5.48
2012-06-07,5.53,5.53,5.4,5.41
2012-06-06,5.42,5.49,5.37,5.39
2012-06-05,5.37,5.49,5.22,5.22
2012-06-04,5.22,5.24,5.14,5.18
2012-06-03,5.19,5.2,5.19,5.19
2012-06-02,5.19,5.21,5.17,5.2
2012-06-01,5.22,5.24,5.16,5.17
2012-05-31,5.17,5.17,5.1,5.14
2012-05-30,5.14,5.14,5.07,5.07
2012-05-29,5.11,5.12,4.95,5.07
2012-05-28,5.07,5.08,5.07,5.08
2012-05-27,5.07,5.08,5.0,5.08
2012-05-26,5.07,5.09,5.06,5.08
2012-05-25,5.08,5.1,5.08,5.09
2012-05-24,5.12,5.12,5.04,5.08
2012-05-23,5.1,5.1,5.02,5.02
2012-05-22,5.03,5.07,5.0,5.05
2012-05-21,5.08,5.09,5.01,5.04
2012-05-20,5.03,5.08,5.03,5.03
2012-05-19,5.07,5.08,5.05,5.08
2012-05-18,5.07,5.07,5.03,5.03
2012-05-17,5.02,5.03,5.01,5.02
2012-05-16,5.04,5.04,4.98,5.0
2012-05-15,4.95,5.01,4.9,4.95
2012-05-14,4.93,4.99,4.88,4.93
2012-05-13,4.94,4.95,4.94,4.95
2012-05-12,4.91,4.97,4.91,4.95
2012-05-11,4.95,4.97,4.87,4.97
2012-05-10,4.87,5.04,4.87,5.02
2012-05-09,5.02,5.08,5.01,5.02
2012-05-08,5.02,5.08,4.99,5.06
2012-05-07,5.05,5.08,4.97,5.05
2012-05-06,5.08,5.1,5.02,5.06
2012-05-05,5.04,5.11,5.04,5.09
2012-05-04,5.07,5.15,5.07,5.1
2012-05-03,5.1,5.13,5.05,5.06
2012-05-02,5.06,5.15,5.01,5.01
2012-05-01,4.97,5.04,4.86,4.94
2012-04-30,5.0,5.02,4.87,4.92
2012-04-29,4.91,4.96,4.81,4.92
2012-04-28,4.91,5.07,4.85,5.07
2012-04-27,5.04,5.08,4.99,5.06
2012-04-26,4.98,5.12,4.86,5.1
2012-04-25,5.14,5.14,4.86,5.12
2012-04-24,5.08,5.15,4.98,4.99
2012-04-23,5.0,5.25,5.0,5.25
2012-04-22,5.17,5.25,5.17,5.24
2012-04-21,5.24,5.43,5.19,5.4
2012-04-20,5.38,5.38,5.09,5.15
2012-04-19,5.13,5.18,5.06,5.17
2012-04-18,5.16,5.18,4.98,4.98
2012-04-17,4.98,4.99,4.95,4.99
2012-04-16,4.98,4.98,4.93,4.93
2012-04-15,4.99,4.99,4.92,4.96
2012-04-14,4.96,5.01,4.94,4.94
2012-04-13,4.93,4.95,4.81,4.88
2012-04-12,4.93,4.93,4.73,4.87
2012-04-11,4.92,4.92,4.78,4.86
2012-04-10,4.8,4.87,4.75,4.75
2012-04-09,4.75,4.85,4.7,4.7
2012-04-08,4.76,4.8,4.69,4.8
2012-04-07,4.7,4.94,4.7,4.93
2012-04-06,4.99,4.99,4.81,4.89
2012-04-05,5.0,5.04,4.89,4.99
2012-04-04,5.01,5.01,4.86,4.92
2012-04-03,4.99,5.04,4.86,5.04
2012-04-02,5.04,5.04,4.78,4.8
2012-04-01,4.89,4.89,4.77,4.89
2012-03-31,4.9,4.92,4.89,4.92
2012-03-30,4.88,4.91,4.76,4.81
2012-03-29,4.84,4.93,4.77,4.93
2012-03-28,4.93,4.95,4.72,4.73
2012-03-27,4.84,4.97,4.54,4.54
2012-03-26,4.73,4.75,4.54,4.6
2012-03-25,4.54,4.84,4.54,4.61
2012-03-24,4.83,4.83,4.62,4.72
2012-03-23,4.78,4.89,4.6,4.73
2012-03-22,4.91,4.98,4.72,4.86
2012-03-21,4.96,4.96,4.9,4.9
2012-03-20,4.79,4.97,4.79,4.82
2012-03-19,4.84,5.37,4.83,5.24
2012-03-18,5.25,5.42,5.24,5.41
2012-03-17,5.42,5.42,5.38,5.38
2012-03-16,5.26,5.41,5.26,5.3
2012-03-15,5.39,5.43,5.27,5.27
2012-03-14,5.27,5.44,5.27,5.33
2012-03-13,5.29,5.32,4.96,4.99
2012-03-12,4.99,4.99,4.85,4.85
2012-03-11,5.0,5.0,4.84,4.94
2012-03-10,4.94,4.99,4.85,4.89
2012-03-09,4.95,5.07,4.93,4.97
2012-03-08,5.01,5.08,4.87,4.92
2012-03-07,4.97,5.09,4.93,5.05
2012-03-06,4.98,5.05,4.95,5.0
2012-03-05,5.05,5.06,4.77,4.8
2012-03-04,4.81,4.81,4.77,4.78
2012-03-03,4.65,4.99,4.6,4.81
2012-03-02,4.79,4.99,4.64,4.99
2012-03-01,5.0,5.05,4.9,4.99
2012-02-29,4.99,5.0,4.85,4.97
2012-02-28,4.88,5.1,4.71,5.09
2012-02-27,5.04,5.1,4.95,4.97
2012-02-26,4.98,5.07,4.78,4.78
2012-02-25,5.0,5.11,5.0,5.11
2012-02-24,4.95,5.22,4.95,5.12
2012-02-23,5.22,5.22,4.55,4.59
2012-02-22,4.51,4.59,4.46,4.47
2012-02-21,4.58,4.58,4.3,4.52
2012-02-20,4.44,4.72,4.4,4.72
2012-02-19,4.38,4.38,4.3,4.38
2012-02-18,4.23,4.73,4.14,4.67
2012-02-17,4.67,4.8,4.5,4.68
2012-02-16,4.51,4.98,4.15,4.5
2012-02-15,4.69,5.08,4.69,4.9
2012-02-14,4.89,5.8,4.56,5.2
2012-02-13,5.79,5.79,5.5,5.53
2012-02-12,5.67,5.78,5.55,5.78
2012-02-11,5.5,5.71,5.5,5.71
2012-02-10,5.88,5.88,5.8,5.88
2012-02-09,5.89,5.89,5.51,5.52
2012-02-08,5.87,5.87,5.66,5.79
2012-02-07,5.69,5.88,5.5,5.5
2012-02-06,5.6,5.9,5.2,5.6
2012-02-05,5.6,6.15,5.6,5.93
2012-02-04,5.94,6.5,5.94,6.35
2012-02-03,6.3,6.35,5.93,6.29
2012-02-02,6.28,6.28,5.89,5.99
2012-02-01,5.88,5.99,5.52,5.53
2012-01-31,5.3,6.22,3.8,5.7
2012-01-30,5.58,5.58,5.3,5.3
2012-01-29,5.5,5.9,5.3,5.89
2012-01-28,4.91,4.91,4.91,4.91
2012-01-27,5.88,6.03,3.8,3.8
2012-01-26,5.5,6.3,5.5,6.27
2012-01-25,6.31,6.86,6.0,6.26
2012-01-24,6.55,6.57,6.0,6.52
2012-01-23,6.52,6.52,6.0,6.5
2012-01-22,6.79,6.83,6.03,6.79
2012-01-21,6.77,6.77,6.28,6.3
2012-01-20,6.95,6.95,6.55,6.9
2012-01-19,6.22,7.0,5.52,5.52
2012-01-18,7.1,7.1,5.99,5.99
2012-01-17,6.0,6.9,6.0,6.5
2012-01-16,7.1,7.1,6.2,6.2
2012-01-15,7.15,7.15,7.15,7.15
2012-01-14,6.3,6.5,6.3,6.5
2012-01-13,6.6,7.36,6.6,6.8
2012-01-12,6.51,7.38,6.51,6.95
2012-01-11,7.0,7.33,6.25,7.14
2012-01-10,7.14,7.14,6.24,6.24
2012-01-09,6.3,6.99,6.23,6.99
2012-01-08,7.0,7.0,6.9,6.9
2012-01-07,6.8,6.8,6.8,6.8
2012-01-06,6.0,6.9,6.0,6.65
2012-01-05,6.65,6.65,5.72,5.72
2012-01-04,5.37,5.57,4.93,4.93
2012-01-03,5.29,5.32,5.14,5.32
2012-01-02,5.0,5.0,5.0,5.0
2012-01-01,5.0,5.0,4.58,4.58
2011-12-31,4.58,4.58,4.39,4.39
2011-12-30,4.21,4.5,4.21,4.26
2011-12-29,4.5,4.5,4.3,4.3
2011-12-28,4.3,4.3,4.25,4.29
2011-12-27,4.29,4.33,4.29,4.33
2011-12-26,4.33,4.33,4.27,4.27
2011-12-25,4.27,4.32,4.27,4.32
2011-12-24,4.33,4.33,4.33,4.33
2011-12-23,4.22,4.35,3.84,3.86
2011-12-22,4.17,4.19,4.17,4.19
2011-12-21,4.38,4.38,4.38,4.38
2011-12-20,4.55,4.75,4.53,4.75
2011-12-19,3.85,3.98,3.5,3.5
2011-12-18,3.5,3.5,3.25,3.25
2011-12-16,3.44,3.5,3.25,3.25
2011-12-15,3.45,3.45,3.39,3.39
2011-12-14,3.47,3.49,3.42,3.42
2011-12-13,3.56,3.59,3.25,3.25
2011-12-12,3.48,3.6,3.37,3.37
2011-12-11,3.27,3.37,3.17,3.17
2011-12-10,3.2,3.2,3.0,3.2
2011-12-08,3.3,3.5,2.95,3.27
2011-12-07,3.3,3.35,3.05,3.05
2011-12-06,2.98,3.25,2.89,2.9
2011-12-05,2.93,2.99,2.82,2.82
2011-12-03,2.93,2.93,2.93,2.93
2011-12-02,3.04,3.45,3.04,3.45
2011-12-01,3.42,3.48,3.3,3.46
2011-11-30,3.19,3.19,3.19,3.19
2011-11-29,2.72,3.23,2.69,2.69
2011-11-28,2.66,2.78,2.66,2.67
2011-11-26,2.77,2.77,2.77,2.77
2011-11-25,2.75,15.0,2.5,2.5
2011-11-24,3.0,3.0,2.54,2.54
2011-11-22,2.59,2.59,2.46,2.53
2011-11-21,2.25,3.0,2.25,2.45
2011-11-20,2.37,2.37,2.37,2.37
2011-11-19,2.43,2.5,2.43,2.5
2011-11-18,2.5,2.79,2.5,2.5
2011-11-17,2.99,3.0,2.5,3.0
2011-11-16,3.0,3.0,2.51,2.51
2011-11-15,2.5,3.0,2.5,2.99
2011-11-14,2.47,2.95,2.47,2.95
2011-11-13,3.35,3.35,3.35,3.35
2011-11-12,3.35,3.35,3.35,3.35
2011-11-11,3.3,3.3,3.3,3.3
2011-11-10,3.3,3.3,2.95,3.25
2011-11-09,3.3,3.3,3.09,3.09
2011-11-08,3.08,3.08,3.08,3.08
2011-11-06,2.95,2.95,2.95,2.95
2011-11-05,3.05,3.21,3.0,3.21
2011-11-04,3.55,3.55,3.21,3.27
2011-11-01,3.33,3.33,3.32,3.32
2011-10-31,3.3,3.55,3.2,3.25
2011-10-30,3.5,3.85,3.2,3.85
2011-10-29,3.95,4.4,3.69,3.69
2011-10-28,4.2,4.36,3.07,3.07
2011-10-26,2.69,3.0,2.67,3.0
2011-10-25,2.72,2.72,2.66,2.66
2011-10-24,2.92,2.99,2.92,2.99
2011-10-21,2.27,2.27,2.22,2.22
2011-10-20,2.24,2.29,2.22,2.22
2011-10-17,3.92,3.92,3.92,3.92
2011-10-14,4.05,4.05,4.05,4.05
2011-10-13,3.97,3.97,3.93,3.93
2011-10-12,3.93,3.99,3.93,3.95
2011-10-11,4.1,4.1,3.98,3.98
2011-10-10,4.51,4.51,3.99,3.99
2011-10-09,3.89,3.89,3.89,3.89
2011-10-08,3.99,4.57,3.99,4.57
2011-10-07,4.61,4.81,4.59,4.8
2011-10-06,4.8,4.99,4.8,4.88
2011-10-05,4.92,6.25,4.8,4.92
2011-10-04,4.98,5.3,4.8,4.86
2011-10-03,4.87,4.87,4.83,4.85
2011-09-29,4.82,4.82,4.81,4.81
2011-09-28,4.82,4.91,4.82,4.9
2011-09-27,4.92,4.92,4.85,4.85
2011-09-26,4.8,6.06,4.8,6.06
2011-09-25,6.05,6.05,6.05,6.05
2011-09-24,5.68,5.76,5.68,5.7
2011-09-23,5.72,5.72,5.7,5.7
2011-09-22,5.72,5.72,5.68,5.68
2011-09-21,5.66,5.79,5.66,5.7
2011-09-20,5.66,5.66,4.92,4.92
2011-09-19,4.9,4.9,4.9,4.9
2011-09-18,4.92,4.92,4.81,4.87
2011-09-17,4.87,4.87,4.87,4.87
2011-09-16,4.85,4.87,4.8,4.82
2011-09-15,5.13,5.24,5.0,5.12
2011-09-14,5.53,5.72,5.52,5.58
2011-09-13,5.97,6.0,5.65,5.8
